{"stats":{"minecraft:mined":{"minecraft:slime_block":2},"minecraft:used":{"minecraft:quartz_slab":1,"minecraft:blue_wool":1,"minecraft:golden_apple":2,"minecraft:cooked_porkchop":3,"minecraft:egg":1,"minecraft:splash_potion":1,"minecraft:obsidian":10},"minecraft:custom":{"minecraft:time_since_rest":6613,"minecraft:sprint_one_cm":42178,"minecraft:walk_one_cm":17099,"minecraft:damage_taken":548,"minecraft:damage_absorbed":80,"minecraft:drop":6,"minecraft:damage_dealt":19,"minecraft:fly_one_cm":97627,"minecraft:open_chest":1,"minecraft:crouch_one_cm":139,"minecraft:play_time":6613,"minecraft:sneak_time":71,"minecraft:jump":203,"minecraft:walk_on_water_one_cm":587,"minecraft:time_since_death":6613,"minecraft:total_world_time":6613,"minecraft:fall_one_cm":1537},"minecraft:picked_up":{"minecraft:blue_wool":1,"minecraft:cooked_porkchop":1,"minecraft:anvil":1,"minecraft:prismarine_shard":6,"minecraft:rabbit_stew":1,"minecraft:leather_leggings":1,"minecraft:cooked_rabbit":2,"minecraft:wither_rose":2,"minecraft:enchanted_book":3,"minecraft:mushroom_stew":1,"minecraft:cookie":3,"minecraft:leather_helmet":1,"lucky:lucky_bow":1,"minecraft:quartz_slab":1,"minecraft:leather_boots":1,"minecraft:arrow":21,"minecraft:bone":8,"minecraft:sugar":43,"minecraft:rotten_flesh":2,"minecraft:apple":1,"minecraft:bow":1,"minecraft:iron_helmet":1,"minecraft:bone_meal":3,"minecraft:saddle":1,"minecraft:player_head":1,"minecraft:golden_horse_armor":1,"minecraft:bread":2,"minecraft:rabbit":1,"minecraft:baked_potato":3,"minecraft:obsidian":14,"minecraft:mutton":1,"minecraft:iron_sword":1,"minecraft:skeleton_skull":1,"minecraft:egg":1},"minecraft:dropped":{"minecraft:rabbit":1,"lucky:lucky_bow":1,"minecraft:apple":1,"minecraft:sugar":43,"minecraft:leather_helmet":1,"minecraft:bone":8}},"DataVersion":3465}