{"stats":{"minecraft:killed_by":{"minecraft:player":1},"minecraft:mined":{"minecraft:slime_block":2},"minecraft:used":{"minecraft:quartz_slab":1,"minecraft:blue_wool":1,"minecraft:golden_apple":2,"minecraft:cooked_porkchop":4,"minecraft:egg":1,"minecraft:splash_potion":1,"minecraft:obsidian":10},"minecraft:custom":{"minecraft:time_since_rest":7057,"minecraft:sprint_one_cm":46485,"minecraft:walk_one_cm":20547,"minecraft:damage_taken":839,"minecraft:damage_absorbed":80,"minecraft:drop":30,"minecraft:damage_dealt":21,"minecraft:fly_one_cm":110212,"minecraft:open_chest":1,"minecraft:crouch_one_cm":139,"minecraft:play_time":15037,"minecraft:deaths":1,"minecraft:sneak_time":73,"minecraft:jump":237,"minecraft:leave_game":1,"minecraft:walk_on_water_one_cm":587,"minecraft:time_since_death":6979,"minecraft:total_world_time":15037,"minecraft:fall_one_cm":2164},"minecraft:picked_up":{"minecraft:blue_wool":1,"minecraft:cooked_porkchop":1,"minecraft:anvil":1,"minecraft:prismarine_shard":6,"minecraft:rabbit_stew":1,"minecraft:leather_leggings":1,"minecraft:cooked_rabbit":2,"minecraft:wither_rose":3,"minecraft:enchanted_book":11,"minecraft:porkchop":8,"minecraft:mushroom_stew":1,"minecraft:cookie":6,"minecraft:leather_helmet":1,"lucky:lucky_bow":1,"minecraft:blue_terracotta":4,"minecraft:quartz_slab":1,"minecraft:leather_boots":1,"minecraft:arrow":21,"minecraft:bone":16,"minecraft:sugar":86,"minecraft:rotten_flesh":2,"minecraft:apple":2,"minecraft:bow":1,"minecraft:iron_helmet":1,"minecraft:iron_ingot":21,"minecraft:emerald":36,"minecraft:cooked_chicken":1,"minecraft:bone_meal":3,"minecraft:saddle":1,"minecraft:player_head":1,"minecraft:golden_horse_armor":1,"minecraft:bread":2,"minecraft:rabbit":1,"minecraft:baked_potato":3,"minecraft:obsidian":14,"minecraft:mutton":1,"minecraft:iron_sword":2,"minecraft:skeleton_skull":1,"minecraft:egg":1},"minecraft:dropped":{"minecraft:enchanted_book":7,"minecraft:iron_ingot":21,"minecraft:bread":2,"minecraft:iron_sword":2,"minecraft:blue_terracotta":4,"minecraft:anvil":1,"minecraft:cooked_chicken":1,"minecraft:baked_potato":3,"minecraft:rabbit":1,"minecraft:obsidian":4,"minecraft:cookie":3,"minecraft:bone_meal":3,"lucky:lucky_bow":1,"minecraft:apple":1,"minecraft:sugar":86,"minecraft:leather_helmet":1,"minecraft:bone":8,"minecraft:emerald":82}},"DataVersion":3465}