{"stat.useItem.minecraft.command_block":20,"stat.walkOneCm":228935,"stat.useItem.minecraft.quartz_block":142,"stat.useItem.minecraft.chest":1,"stat.playerKills":1,"stat.useItem.minecraft.stone":2,"stat.useItem.minecraft.quartz_stairs":93,"stat.leaveGame":2,"stat.useItem.minecraft.cobblestone":4,"stat.useItem.minecraft.glowstone":7,"stat.useItem.minecraft.bedrock":103,"stat.jump":130,"stat.useItem.minecraft.sea_lantern":25,"stat.crouchOneCm":852,"stat.useItem.minecraft.stained_hardened_clay":51,"stat.useItem.minecraft.stone_button":14,"stat.sprintOneCm":15706,"stat.useItem.minecraft.stained_glass":6,"achievement.exploreAllBiomes":{"value":0,"progress":["Plains"]},"stat.useItem.minecraft.fence":2,"achievement.openInventory":127,"stat.useItem.minecraft.stone_pressure_plate":1,"stat.flyOneCm":993786,"stat.deaths":20,"stat.useItem.minecraft.mossy_cobblestone":3,"stat.playOneMinute":96125,"stat.damageDealt":90,"stat.useItem.minecraft.wool":97,"stat.timeSinceDeath":722,"stat.useItem.minecraft.sign":12}