{"stats":{"minecraft:crafted":{"minecraft:leather_leggings":6,"minecraft:leather_boots":6,"minecraft:flint_and_steel":1,"minecraft:diamond_helmet":1,"minecraft:diamond_boots":1,"minecraft:diamond_axe":1,"minecraft:leather_helmet":6,"minecraft:air":0,"minecraft:iron_chestplate":1,"minecraft:diamond_pickaxe":1,"minecraft:leather_chestplate":6},"minecraft:killed_by":{"minecraft:wolf":1,"minecraft:creeper":1,"minecraft:spider":1,"minecraft:skeleton":1,"minecraft:guardian":1,"minecraft:zombie":1},"minecraft:killed":{"minecraft:cave_spider":1,"minecraft:giant":1,"minecraft:endermite":1,"minecraft:spider":7,"minecraft:slime":3,"minecraft:horse":3,"minecraft:skeleton":1,"minecraft:guardian":2,"minecraft:chicken":2,"minecraft:silverfish":4,"minecraft:skeleton_horse":2,"minecraft:wolf":2,"minecraft:pig":3,"minecraft:rabbit":2,"minecraft:bat":1,"minecraft:wandering_trader":1,"minecraft:sheep":2,"minecraft:zombie":7,"minecraft:villager":1},"minecraft:mined":{"minecraft:frosted_ice":1,"minecraft:sandstone":1,"minecraft:diamond_block":1,"minecraft:iron_bars":1,"minecraft:iron_block":1,"lucky:lucky_block":90,"minecraft:crafting_table":1,"minecraft:torch":1,"minecraft:glass":4,"minecraft:slime_block":24},"minecraft:used":{"minecraft:enchanting_table":3,"minecraft:flint_and_steel":1,"minecraft:ender_chest":1,"minecraft:quartz_stairs":1,"minecraft:diamond_helmet":1,"lucky:lucky_block":481,"minecraft:bow":54,"minecraft:stone_pressure_plate":4,"minecraft:enchanted_golden_apple":2,"minecraft:pumpkin":2,"minecraft:water_bucket":1,"minecraft:leather_leggings":1,"minecraft:diamond_boots":1,"minecraft:ender_pearl":6,"minecraft:wooden_pickaxe":1,"lucky:lucky_sword":160,"minecraft:diamond_axe":1,"minecraft:white_wool":2,"minecraft:golden_apple":21,"minecraft:crafting_table":8,"minecraft:tnt":25,"minecraft:chiseled_quartz_block":1,"minecraft:iron_pickaxe":4,"minecraft:leather_helmet":1,"minecraft:red_terracotta":3,"minecraft:potion":5,"minecraft:bucket":1,"minecraft:diamond_leggings":1,"minecraft:splash_potion":2},"minecraft:custom":{"minecraft:mob_kills":66,"minecraft:interact_with_anvil":1,"minecraft:interact_with_crafting_table":10,"minecraft:time_since_death":6828,"minecraft:damage_resisted":191,"minecraft:sprint_one_cm":110154,"minecraft:walk_one_cm":331853,"minecraft:drop":203,"minecraft:talked_to_villager":3,"minecraft:play_time":127695,"minecraft:deaths":15,"minecraft:sneak_time":607,"minecraft:walk_under_water_one_cm":442,"minecraft:jump":1235,"minecraft:walk_on_water_one_cm":6177,"minecraft:total_world_time":127695,"minecraft:traded_with_villager":2,"minecraft:time_since_rest":6857,"minecraft:damage_taken":7420,"minecraft:damage_absorbed":895,"minecraft:open_enderchest":3,"minecraft:damage_dealt":6626,"minecraft:player_kills":5,"minecraft:fly_one_cm":523767,"minecraft:open_chest":21,"minecraft:crouch_one_cm":755,"minecraft:fall_one_cm":34216,"minecraft:horse_one_cm":17564},"minecraft:picked_up":{"minecraft:wooden_axe":1,"minecraft:crafting_table":1,"minecraft:leather_leggings":1,"minecraft:ender_chest":2,"minecraft:splash_potion":4,"minecraft:rabbit_stew":3,"minecraft:prismarine_shard":55,"minecraft:redstone_lamp":8,"minecraft:wooden_pickaxe":2,"minecraft:cooked_rabbit":1,"minecraft:potion":11,"minecraft:enchanted_book":9,"minecraft:diamond_horse_armor":1,"minecraft:string":25,"minecraft:iron_axe":1,"minecraft:wooden_sword":2,"minecraft:iron_shovel":1,"minecraft:diamond_leggings":1,"minecraft:gold_nugget":4,"lucky:lucky_sword":3,"minecraft:bucket":1,"minecraft:ender_eye":10,"minecraft:player_head":1,"minecraft:iron_pickaxe":1,"minecraft:wooden_shovel":1,"minecraft:poppy":1,"minecraft:enchanted_golden_apple":2,"minecraft:quartz_stairs":19,"minecraft:stick":9,"minecraft:sandstone":1,"minecraft:jukebox":1,"minecraft:torch":5,"minecraft:note_block":2,"minecraft:porkchop":6,"minecraft:cookie":16,"minecraft:prismarine_crystals":23,"minecraft:iron_horse_armor":2,"minecraft:stone_pressure_plate":7,"minecraft:tnt":25,"minecraft:quartz_block":45,"minecraft:stone_sword":1,"minecraft:arrow":35,"minecraft:diamond_chestplate":1,"minecraft:rotten_flesh":13,"minecraft:pink_tulip":1,"minecraft:diamond_boots":1,"minecraft:hay_block":11,"minecraft:iron_block":1,"minecraft:yellow_terracotta":2,"minecraft:gold_ingot":168,"minecraft:obsidian":14,"minecraft:iron_bars":5,"minecraft:white_wool":39,"minecraft:birch_log":3,"minecraft:enchanting_table":3,"minecraft:leather_chestplate":3,"minecraft:water_bucket":3,"minecraft:salmon":1,"minecraft:leather":13,"minecraft:beacon":2,"minecraft:chiseled_quartz_block":5,"minecraft:end_portal_frame":4,"minecraft:potato":21,"minecraft:chainmail_chestplate":1,"minecraft:lapis_lazuli":72,"minecraft:wooden_hoe":1,"minecraft:magenta_terracotta":2,"lucky:lucky_bow":2,"minecraft:bone":3,"minecraft:bow":2,"minecraft:rabbit_hide":2,"minecraft:music_disc_far":1,"minecraft:iron_ingot":37,"minecraft:diamond_helmet":2,"minecraft:rabbit":2,"minecraft:prismarine":57,"minecraft:oak_planks":16,"minecraft:milk_bucket":2,"minecraft:black_terracotta":19,"minecraft:music_disc_13":1,"minecraft:pumpkin":10,"minecraft:oak_pressure_plate":4,"minecraft:lava_bucket":2,"minecraft:diamond_block":1,"minecraft:dragon_egg":1,"minecraft:sea_lantern":14,"minecraft:red_terracotta":19,"minecraft:spider_eye":5,"minecraft:leather_helmet":2,"minecraft:music_disc_mall":1,"minecraft:slime_block":16,"minecraft:sugar":10,"minecraft:diamond":98,"minecraft:stone_axe":1,"minecraft:lever":5,"minecraft:chainmail_leggings":1,"minecraft:painting":13,"minecraft:chainmail_helmet":1,"minecraft:golden_apple":15,"minecraft:bread":2,"minecraft:golden_horse_armor":5,"minecraft:emerald":88,"minecraft:jack_o_lantern":3,"minecraft:nether_star":1,"minecraft:ender_pearl":21},"minecraft:broken":{"minecraft:leather_helmet":1,"minecraft:leather_leggings":1,"minecraft:leather_boots":1},"minecraft:dropped":{"minecraft:enchanted_book":2,"minecraft:bread":3,"minecraft:iron_ingot":21,"minecraft:blue_stained_glass_pane":4,"minecraft:porkchop":6,"minecraft:black_dye":60,"minecraft:orange_dye":60,"minecraft:lapis_lazuli":43,"minecraft:oak_pressure_plate":4,"minecraft:ender_pearl":1,"minecraft:glass_bottle":5,"minecraft:nether_star":1,"minecraft:golden_horse_armor":3,"minecraft:prismarine_shard":55,"minecraft:yellow_terracotta":2,"minecraft:prismarine_crystals":4,"minecraft:leather":13,"minecraft:iron_horse_armor":2,"minecraft:chainmail_helmet":1,"minecraft:leather_helmet":1,"minecraft:golden_apple":27,"minecraft:music_disc_13":1,"minecraft:stick":9,"minecraft:emerald":78,"minecraft:diamond_horse_armor":1,"minecraft:iron_block":1,"minecraft:redstone_lamp":8,"minecraft:blue_dye":60,"minecraft:milk_bucket":2,"minecraft:wooden_hoe":1,"minecraft:torch":5,"minecraft:black_stained_glass_pane":4,"minecraft:yellow_dye":60,"minecraft:wooden_axe":1,"minecraft:rabbit":1,"minecraft:jack_o_lantern":3,"minecraft:diamond_helmet":2,"minecraft:potion":2,"minecraft:wooden_sword":2,"minecraft:gold_nugget":7,"minecraft:pumpkin":8,"minecraft:iron_axe":1,"minecraft:red_dye":60,"minecraft:sugar":10,"minecraft:chainmail_leggings":1,"minecraft:bucket":1,"minecraft:iron_shovel":1,"minecraft:string":25,"minecraft:birch_log":3,"minecraft:white_wool":27,"minecraft:gold_ingot":153,"minecraft:bone":3,"minecraft:pink_tulip":1,"minecraft:note_block":2,"minecraft:stone_axe":1,"minecraft:lever":5,"minecraft:player_head":1,"minecraft:chiseled_quartz_block":3,"minecraft:stone_sword":1,"minecraft:jukebox":1,"minecraft:rotten_flesh":13,"minecraft:black_terracotta":18,"minecraft:magenta_stained_glass_pane":4,"minecraft:oak_planks":16,"minecraft:ender_eye":5,"minecraft:prismarine":57,"minecraft:music_disc_far":1,"minecraft:salmon":1,"minecraft:red_terracotta":16,"minecraft:flint_and_steel":1,"minecraft:red_stained_glass_pane":4,"minecraft:chainmail_chestplate":1,"minecraft:yellow_stained_glass_pane":4,"minecraft:rabbit_hide":2,"minecraft:poppy":1,"minecraft:leather_chestplate":4,"minecraft:sea_lantern":14,"minecraft:potato":21,"minecraft:hay_block":11,"minecraft:iron_chestplate":1,"minecraft:diamond_pickaxe":1,"minecraft:quartz_block":45,"minecraft:quartz_stairs":18,"minecraft:music_disc_mall":1,"minecraft:wooden_shovel":1,"minecraft:leather_leggings":1,"minecraft:stone_pressure_plate":3,"minecraft:spider_eye":5,"minecraft:diamond_boots":1,"minecraft:painting":13,"minecraft:rabbit_stew":1,"minecraft:sandstone":1,"minecraft:beacon":2,"minecraft:iron_bars":5,"minecraft:arrow":68,"minecraft:magenta_dye":60,"minecraft:orange_stained_glass_pane":4,"minecraft:wooden_pickaxe":2,"lucky:lucky_sword":2,"minecraft:cooked_rabbit":1,"minecraft:magenta_terracotta":2}},"DataVersion":3465}