{"stats":{"minecraft:crafted":{"minecraft:leather_leggings":6,"minecraft:leather_boots":6,"minecraft:flint_and_steel":1,"minecraft:diamond_helmet":1,"minecraft:diamond_axe":1,"minecraft:leather_helmet":6,"minecraft:iron_chestplate":1,"minecraft:diamond_pickaxe":1,"minecraft:leather_chestplate":6},"minecraft:killed_by":{"minecraft:wolf":1,"minecraft:creeper":1,"minecraft:spider":1,"minecraft:skeleton":1,"minecraft:guardian":1},"minecraft:killed":{"minecraft:cave_spider":1,"minecraft:giant":1,"minecraft:endermite":1,"minecraft:spider":7,"minecraft:slime":3,"minecraft:horse":2,"minecraft:skeleton":1,"minecraft:guardian":1,"minecraft:chicken":1,"minecraft:silverfish":4,"minecraft:skeleton_horse":1,"minecraft:wolf":2,"minecraft:pig":3,"minecraft:wandering_trader":1,"minecraft:zombie":7},"minecraft:mined":{"minecraft:sandstone":1,"minecraft:iron_bars":1,"lucky:lucky_block":40,"minecraft:crafting_table":1,"minecraft:torch":1},"minecraft:used":{"minecraft:enchanting_table":2,"minecraft:flint_and_steel":1,"lucky:lucky_block":449,"minecraft:bow":5,"minecraft:stone_pressure_plate":4,"minecraft:enchanted_golden_apple":2,"minecraft:pumpkin":2,"minecraft:wooden_pickaxe":1,"lucky:lucky_sword":138,"minecraft:diamond_axe":1,"minecraft:white_wool":1,"minecraft:golden_apple":12,"minecraft:crafting_table":8,"minecraft:tnt":9,"minecraft:iron_pickaxe":1,"minecraft:red_terracotta":3},"minecraft:custom":{"minecraft:mob_kills":55,"minecraft:interact_with_anvil":1,"minecraft:interact_with_crafting_table":10,"minecraft:time_since_death":5202,"minecraft:damage_resisted":191,"minecraft:sprint_one_cm":72511,"minecraft:walk_one_cm":251279,"minecraft:drop":132,"minecraft:talked_to_villager":2,"minecraft:play_time":103695,"minecraft:deaths":13,"minecraft:sneak_time":433,"minecraft:jump":854,"minecraft:walk_on_water_one_cm":1464,"minecraft:total_world_time":103695,"minecraft:traded_with_villager":1,"minecraft:time_since_rest":5227,"minecraft:damage_taken":5600,"minecraft:damage_absorbed":723,"minecraft:open_enderchest":1,"minecraft:damage_dealt":6131,"minecraft:player_kills":4,"minecraft:fly_one_cm":437502,"minecraft:open_chest":21,"minecraft:crouch_one_cm":336,"minecraft:fall_one_cm":24487,"minecraft:horse_one_cm":17564},"minecraft:picked_up":{"minecraft:wooden_axe":1,"minecraft:crafting_table":1,"minecraft:splash_potion":1,"minecraft:prismarine_shard":54,"minecraft:redstone_lamp":8,"minecraft:wooden_pickaxe":2,"minecraft:cooked_rabbit":1,"minecraft:potion":1,"minecraft:enchanted_book":4,"minecraft:string":24,"minecraft:iron_axe":1,"minecraft:wooden_sword":1,"minecraft:iron_shovel":1,"minecraft:gold_nugget":4,"lucky:lucky_sword":2,"minecraft:player_head":1,"minecraft:iron_pickaxe":1,"minecraft:wooden_shovel":1,"minecraft:poppy":1,"minecraft:enchanted_golden_apple":2,"minecraft:stick":8,"minecraft:sandstone":1,"minecraft:jukebox":1,"minecraft:torch":5,"minecraft:note_block":2,"minecraft:porkchop":6,"minecraft:cookie":7,"minecraft:prismarine_crystals":19,"minecraft:stone_pressure_plate":7,"minecraft:tnt":9,"minecraft:quartz_block":34,"minecraft:stone_sword":1,"minecraft:arrow":34,"minecraft:rotten_flesh":12,"minecraft:hay_block":8,"minecraft:yellow_terracotta":2,"minecraft:gold_ingot":153,"minecraft:iron_bars":5,"minecraft:white_wool":24,"minecraft:birch_log":3,"minecraft:enchanting_table":2,"minecraft:leather_chestplate":2,"minecraft:water_bucket":1,"minecraft:salmon":1,"minecraft:leather":12,"minecraft:beacon":2,"minecraft:chiseled_quartz_block":3,"minecraft:potato":21,"minecraft:lapis_lazuli":63,"minecraft:wooden_hoe":1,"minecraft:bone":3,"minecraft:bow":1,"minecraft:rabbit_hide":1,"minecraft:music_disc_far":1,"minecraft:iron_ingot":29,"minecraft:prismarine":57,"minecraft:oak_planks":16,"minecraft:black_terracotta":17,"minecraft:music_disc_13":1,"minecraft:pumpkin":10,"minecraft:oak_pressure_plate":4,"minecraft:sea_lantern":14,"minecraft:red_terracotta":18,"minecraft:spider_eye":5,"minecraft:leather_helmet":1,"minecraft:music_disc_mall":1,"minecraft:diamond":63,"minecraft:stone_axe":1,"minecraft:lever":5,"minecraft:painting":10,"minecraft:golden_apple":11,"minecraft:bread":2,"minecraft:golden_horse_armor":2,"minecraft:emerald":76,"minecraft:jack_o_lantern":2,"minecraft:nether_star":1},"minecraft:broken":{"minecraft:leather_helmet":1,"minecraft:leather_leggings":1,"minecraft:leather_boots":1},"minecraft:dropped":{"minecraft:iron_ingot":21,"minecraft:blue_stained_glass_pane":4,"minecraft:black_dye":60,"minecraft:orange_dye":60,"minecraft:lapis_lazuli":43,"minecraft:oak_pressure_plate":4,"minecraft:nether_star":1,"minecraft:golden_horse_armor":1,"minecraft:prismarine_shard":54,"minecraft:yellow_terracotta":2,"minecraft:leather":12,"minecraft:leather_helmet":1,"minecraft:golden_apple":23,"minecraft:music_disc_13":1,"minecraft:stick":8,"minecraft:emerald":76,"minecraft:redstone_lamp":8,"minecraft:blue_dye":60,"minecraft:wooden_hoe":1,"minecraft:torch":5,"minecraft:black_stained_glass_pane":4,"minecraft:yellow_dye":60,"minecraft:wooden_axe":1,"minecraft:jack_o_lantern":2,"minecraft:potion":1,"minecraft:wooden_sword":1,"minecraft:gold_nugget":7,"minecraft:pumpkin":8,"minecraft:iron_axe":1,"minecraft:red_dye":60,"minecraft:iron_shovel":1,"minecraft:string":24,"minecraft:birch_log":3,"minecraft:white_wool":23,"minecraft:gold_ingot":153,"minecraft:bone":3,"minecraft:note_block":2,"minecraft:stone_axe":1,"minecraft:lever":5,"minecraft:player_head":1,"minecraft:chiseled_quartz_block":3,"minecraft:stone_sword":1,"minecraft:jukebox":1,"minecraft:rotten_flesh":12,"minecraft:black_terracotta":17,"minecraft:magenta_stained_glass_pane":4,"minecraft:oak_planks":16,"minecraft:prismarine":57,"minecraft:music_disc_far":1,"minecraft:salmon":1,"minecraft:red_terracotta":15,"minecraft:red_stained_glass_pane":4,"minecraft:yellow_stained_glass_pane":4,"minecraft:rabbit_hide":1,"minecraft:poppy":1,"minecraft:leather_chestplate":3,"minecraft:sea_lantern":14,"minecraft:potato":21,"minecraft:hay_block":8,"minecraft:diamond_pickaxe":1,"minecraft:quartz_block":34,"minecraft:music_disc_mall":1,"minecraft:wooden_shovel":1,"minecraft:stone_pressure_plate":3,"minecraft:spider_eye":5,"minecraft:painting":10,"minecraft:sandstone":1,"minecraft:beacon":2,"minecraft:iron_bars":5,"minecraft:arrow":68,"minecraft:magenta_dye":60,"minecraft:orange_stained_glass_pane":4,"minecraft:wooden_pickaxe":1,"lucky:lucky_sword":1,"minecraft:cooked_rabbit":1}},"DataVersion":3465}