{"stats":{"minecraft:crafted":{"minecraft:leather_leggings":6,"minecraft:leather_boots":6,"minecraft:diamond_axe":1,"minecraft:leather_helmet":6,"minecraft:diamond_helmet":1,"minecraft:iron_chestplate":1,"minecraft:diamond_pickaxe":1,"minecraft:leather_chestplate":6},"minecraft:killed_by":{"minecraft:wolf":1,"minecraft:skeleton":1,"minecraft:creeper":1,"minecraft:guardian":1,"minecraft:spider":1},"minecraft:killed":{"minecraft:wolf":2,"minecraft:cave_spider":1,"minecraft:pig":3,"minecraft:giant":1,"minecraft:endermite":1,"minecraft:spider":1,"minecraft:slime":2,"minecraft:horse":2,"minecraft:guardian":1,"minecraft:zombie":3,"minecraft:chicken":1,"minecraft:silverfish":4,"minecraft:skeleton_horse":1},"minecraft:mined":{"minecraft:torch":1,"minecraft:iron_bars":1,"lucky:lucky_block":28},"minecraft:used":{"minecraft:enchanting_table":2,"minecraft:diamond_axe":1,"lucky:lucky_sword":81,"minecraft:white_wool":1,"minecraft:golden_apple":7,"minecraft:crafting_table":7,"lucky:lucky_block":449,"minecraft:iron_pickaxe":1,"minecraft:red_terracotta":3,"minecraft:enchanted_golden_apple":2},"minecraft:custom":{"minecraft:interact_with_anvil":1,"minecraft:mob_kills":41,"minecraft:traded_with_villager":1,"minecraft:interact_with_crafting_table":9,"minecraft:time_since_death":741,"minecraft:damage_resisted":191,"minecraft:time_since_rest":766,"minecraft:sprint_one_cm":50954,"minecraft:damage_absorbed":483,"minecraft:damage_taken":4115,"minecraft:walk_one_cm":195629,"minecraft:drop":48,"minecraft:damage_dealt":4229,"minecraft:talked_to_villager":2,"minecraft:fly_one_cm":388502,"minecraft:player_kills":3,"minecraft:open_chest":20,"minecraft:crouch_one_cm":302,"minecraft:play_time":91695,"minecraft:deaths":11,"minecraft:sneak_time":396,"minecraft:jump":632,"minecraft:walk_on_water_one_cm":196,"minecraft:total_world_time":91695,"minecraft:fall_one_cm":17532},"minecraft:picked_up":{"minecraft:wooden_axe":1,"minecraft:enchanting_table":2,"minecraft:splash_potion":1,"minecraft:prismarine_shard":27,"minecraft:leather":4,"minecraft:beacon":1,"minecraft:wooden_pickaxe":1,"minecraft:potato":21,"minecraft:wooden_hoe":1,"minecraft:lapis_lazuli":33,"minecraft:string":10,"minecraft:iron_axe":1,"minecraft:wooden_sword":1,"minecraft:iron_shovel":1,"lucky:lucky_sword":1,"minecraft:iron_ingot":29,"minecraft:wooden_shovel":1,"minecraft:poppy":1,"minecraft:iron_pickaxe":1,"minecraft:enchanted_golden_apple":2,"minecraft:prismarine":19,"minecraft:black_terracotta":7,"minecraft:torch":1,"minecraft:porkchop":6,"minecraft:red_terracotta":8,"minecraft:spider_eye":3,"minecraft:prismarine_crystals":19,"minecraft:sea_lantern":7,"minecraft:quartz_block":34,"minecraft:arrow":3,"minecraft:rotten_flesh":2,"minecraft:diamond":63,"minecraft:hay_block":4,"minecraft:painting":5,"minecraft:yellow_terracotta":2,"minecraft:golden_apple":11,"minecraft:gold_ingot":51,"minecraft:emerald":41,"minecraft:iron_bars":5,"minecraft:white_wool":9},"minecraft:broken":{"minecraft:leather_helmet":1,"minecraft:leather_boots":1,"minecraft:leather_leggings":1},"minecraft:dropped":{"minecraft:iron_ingot":21,"minecraft:blue_stained_glass_pane":4,"minecraft:black_dye":60,"minecraft:orange_dye":60,"minecraft:prismarine_shard":27,"minecraft:magenta_stained_glass_pane":4,"minecraft:golden_apple":21,"minecraft:red_stained_glass_pane":4,"minecraft:yellow_stained_glass_pane":4,"minecraft:sea_lantern":7,"minecraft:blue_dye":60,"minecraft:black_stained_glass_pane":4,"minecraft:wooden_hoe":1,"minecraft:yellow_dye":60,"minecraft:diamond_pickaxe":1,"minecraft:wooden_axe":1,"minecraft:wooden_shovel":1,"minecraft:spider_eye":3,"minecraft:gold_nugget":1,"minecraft:wooden_sword":1,"minecraft:red_dye":60,"minecraft:magenta_dye":60,"minecraft:orange_stained_glass_pane":4,"minecraft:wooden_pickaxe":1,"minecraft:string":1,"minecraft:white_wool":8}},"DataVersion":3465}