{"stats":{"minecraft:mined":{"minecraft:acacia_log":7,"minecraft:acacia_leaves":2},"minecraft:custom":{"minecraft:jump":69,"minecraft:time_since_rest":3569,"minecraft:crouch_one_cm":2378,"minecraft:sprint_one_cm":2354,"minecraft:play_time":3569,"minecraft:damage_taken":20,"minecraft:time_since_death":3569,"minecraft:walk_one_cm":19953,"minecraft:sneak_time":195,"minecraft:total_world_time":3569,"minecraft:fall_one_cm":1465,"minecraft:fly_one_cm":4660},"minecraft:picked_up":{"minecraft:acacia_sapling":1,"minecraft:acacia_log":7},"minecraft:crafted":{"minecraft:crafting_table":1,"minecraft:stick":4,"minecraft:acacia_planks":28}},"DataVersion":3465}