{"stats":{"minecraft:broken":{"minecraft:wooden_pickaxe":1},"minecraft:custom":{"minecraft:time_since_rest":15569,"minecraft:sprint_one_cm":27167,"minecraft:walk_one_cm":118613,"minecraft:damage_taken":140,"minecraft:mob_kills":4,"minecraft:damage_dealt":1375,"minecraft:interact_with_crafting_table":3,"minecraft:fly_one_cm":58648,"minecraft:crouch_one_cm":4712,"minecraft:play_time":15569,"minecraft:sneak_time":1197,"minecraft:jump":335,"minecraft:interact_with_grindstone":1,"minecraft:time_since_death":15569,"minecraft:climb_one_cm":312,"minecraft:total_world_time":15569,"minecraft:fall_one_cm":7007},"minecraft:mined":{"minecraft:skeleton_skull":2,"minecraft:acacia_leaves":3,"iceandfire:graveyard_soil":1,"biomesoplenty:orange_sand":6,"biomesoplenty:wildflower":1,"biomesoplenty:desert_grass":19,"minecraft:grass":1,"minecraft:acacia_log":7,"iceandfire:ghost_chest":1,"minecraft:dirt":2,"biomesoplenty:sprout":5,"biomesoplenty:orange_sandstone":7,"minecraft:stone":55,"biomesoplenty:dune_grass":40},"minecraft:used":{"alexsmobs:emu_egg":1,"minecraft:stone_sword":32,"minecraft:stone_pickaxe":3,"biomesoplenty:orange_sand":2,"minecraft:wooden_pickaxe":59,"biomesoplenty:orange_sandstone":3,"minecraft:dirt":2,"minecraft:crafting_table":1,"biomesoplenty:wildflower":1},"minecraft:picked_up":{"iceandfire:ghost_chest":1,"minecraft:chainmail_boots":1,"grimoireofgaia:soulfire":4,"minecraft:copper_ingot":1,"minecraft:acacia_log":7,"iceandfire:ectoplasm":1,"minecraft:dirt":2,"iceandfire:silver_ingot":8,"minecraft:bone":11,"iceandfire:graveyard_soil":3,"minecraft:gold_nugget":5,"biomesoplenty:orange_sandstone":7,"minecraft:cobweb":5,"alexsmobs:emu_egg":1,"grimoireofgaia:cursed_metal_sword":1,"minecraft:iron_nugget":3,"biomesoplenty:wildflower":1,"iter_rpg:deepslate_geode":1,"minecraft:acacia_sapling":1,"minecraft:skeleton_skull":1,"biomesoplenty:orange_sand":6,"minecraft:cobblestone":55},"minecraft:crafted":{"minecraft:crafting_table":1,"minecraft:stick":8,"minecraft:wooden_pickaxe":1,"minecraft:stone_pickaxe":2,"minecraft:stone_sword":1,"minecraft:acacia_planks":28},"minecraft:killed":{"grimoireofgaia:dullahan":3,"riskofrain_mobs:lemurian_entity":1}},"DataVersion":3465}