{"stats":{"minecraft:crafted":{"minecraft:iron_chestplate":1,"minecraft:diamond_pickaxe":1,"minecraft:leather_leggings":6,"minecraft:leather_boots":6,"minecraft:leather_chestplate":6,"minecraft:leather_helmet":6},"minecraft:mined":{"lucky:lucky_block":3},"minecraft:used":{"lucky:lucky_block":449,"minecraft:golden_apple":1,"minecraft:crafting_table":7},"minecraft:custom":{"minecraft:time_since_rest":271,"minecraft:sprint_one_cm":9441,"minecraft:walk_one_cm":45319,"minecraft:damage_taken":896,"minecraft:damage_absorbed":40,"minecraft:drop":14,"minecraft:damage_dealt":71,"minecraft:interact_with_crafting_table":8,"minecraft:fly_one_cm":311334,"minecraft:open_chest":19,"minecraft:crouch_one_cm":31,"minecraft:play_time":67695,"minecraft:deaths":3,"minecraft:sneak_time":316,"minecraft:jump":201,"minecraft:time_since_death":233,"minecraft:total_world_time":67695,"minecraft:fall_one_cm":4480},"minecraft:picked_up":{"minecraft:red_terracotta":2,"minecraft:lapis_lazuli":15,"minecraft:diamond":10,"minecraft:iron_ingot":11,"minecraft:gold_ingot":14,"minecraft:emerald":13,"minecraft:white_wool":1},"minecraft:dropped":{"minecraft:yellow_stained_glass_pane":4,"minecraft:blue_stained_glass_pane":4,"minecraft:blue_dye":60,"minecraft:black_dye":60,"minecraft:orange_dye":60,"minecraft:yellow_dye":60,"minecraft:black_stained_glass_pane":4,"minecraft:diamond_pickaxe":1,"minecraft:magenta_stained_glass_pane":4,"minecraft:gold_nugget":1,"minecraft:red_dye":60,"minecraft:magenta_dye":60,"minecraft:orange_stained_glass_pane":4,"minecraft:red_stained_glass_pane":4}},"DataVersion":3465}