{"stats":{"minecraft:crafted":{"minecraft:iron_chestplate":1,"minecraft:diamond_pickaxe":1,"minecraft:leather_leggings":6,"minecraft:leather_boots":6,"minecraft:leather_chestplate":6,"minecraft:leather_helmet":6},"minecraft:killed_by":{"minecraft:wolf":1,"minecraft:spider":1},"minecraft:killed":{"minecraft:giant":1},"minecraft:mined":{"minecraft:torch":1,"minecraft:iron_bars":1,"lucky:lucky_block":20},"minecraft:used":{"lucky:lucky_block":449,"minecraft:iron_pickaxe":1,"lucky:lucky_sword":19,"minecraft:red_terracotta":3,"minecraft:white_wool":1,"minecraft:golden_apple":4,"minecraft:crafting_table":7},"minecraft:custom":{"minecraft:time_since_rest":783,"minecraft:sprint_one_cm":26328,"minecraft:walk_one_cm":125523,"minecraft:damage_taken":2408,"minecraft:damage_absorbed":80,"minecraft:mob_kills":8,"minecraft:drop":19,"minecraft:damage_dealt":1133,"minecraft:talked_to_villager":1,"minecraft:player_kills":2,"minecraft:interact_with_crafting_table":8,"minecraft:fly_one_cm":343368,"minecraft:open_chest":20,"minecraft:crouch_one_cm":129,"minecraft:play_time":79695,"minecraft:deaths":7,"minecraft:sneak_time":337,"minecraft:jump":406,"minecraft:time_since_death":746,"minecraft:total_world_time":79695,"minecraft:fall_one_cm":9103},"minecraft:picked_up":{"minecraft:enchanting_table":1,"minecraft:black_terracotta":7,"minecraft:prismarine_shard":18,"minecraft:torch":1,"minecraft:wooden_pickaxe":1,"minecraft:sea_lantern":6,"minecraft:prismarine_crystals":13,"minecraft:spider_eye":2,"minecraft:string":4,"minecraft:wooden_hoe":1,"minecraft:red_terracotta":3,"minecraft:lapis_lazuli":15,"minecraft:iron_axe":1,"minecraft:quartz_block":14,"minecraft:wooden_sword":1,"minecraft:iron_shovel":1,"minecraft:arrow":3,"minecraft:diamond":31,"lucky:lucky_sword":1,"minecraft:hay_block":4,"minecraft:iron_ingot":29,"minecraft:painting":4,"minecraft:wooden_shovel":1,"minecraft:gold_ingot":26,"minecraft:emerald":24,"minecraft:iron_pickaxe":1,"minecraft:prismarine":12,"minecraft:white_wool":9,"minecraft:wooden_axe":1},"minecraft:broken":{"minecraft:leather_helmet":1},"minecraft:dropped":{"minecraft:yellow_stained_glass_pane":4,"minecraft:blue_stained_glass_pane":4,"minecraft:blue_dye":60,"minecraft:black_dye":60,"minecraft:orange_dye":60,"minecraft:wooden_hoe":1,"minecraft:yellow_dye":60,"minecraft:black_stained_glass_pane":4,"minecraft:diamond_pickaxe":1,"minecraft:wooden_axe":1,"minecraft:wooden_shovel":1,"minecraft:wooden_sword":1,"minecraft:magenta_stained_glass_pane":4,"minecraft:gold_nugget":1,"minecraft:wooden_pickaxe":1,"minecraft:red_dye":60,"minecraft:magenta_dye":60,"minecraft:orange_stained_glass_pane":4,"minecraft:red_stained_glass_pane":4}},"DataVersion":3465}