{"stats":{"minecraft:broken":{"minecraft:wooden_pickaxe":1},"minecraft:custom":{"minecraft:mob_kills":11,"minecraft:interact_with_crafting_table":4,"minecraft:bell_ring":1,"minecraft:interact_with_grindstone":1,"minecraft:time_since_death":10179,"minecraft:climb_one_cm":312,"minecraft:time_since_rest":10226,"minecraft:sprint_one_cm":65812,"minecraft:damage_taken":1629,"minecraft:walk_one_cm":357764,"minecraft:trigger_trapped_chest":3,"minecraft:drop":33,"minecraft:damage_dealt":4423,"minecraft:talked_to_villager":2,"minecraft:fly_one_cm":133085,"minecraft:open_chest":10,"minecraft:crouch_one_cm":5007,"minecraft:play_time":39569,"minecraft:deaths":1,"minecraft:sneak_time":1337,"minecraft:jump":562,"minecraft:walk_on_water_one_cm":133,"minecraft:total_world_time":39569,"minecraft:fall_one_cm":10804},"minecraft:mined":{"minecraft:acacia_leaves":3,"iceandfire:graveyard_soil":1,"biomesoplenty:orange_sand":6,"biomesoplenty:wildflower":1,"biomesoplenty:desert_grass":19,"gravestone:gravestone":1,"minecraft:acacia_log":7,"iceandfire:ghost_chest":2,"biomesoplenty:sprout":15,"realmrpg_skeletons:quicksand_skeleton":1,"biomesoplenty:orange_sandstone":8,"biomesoplenty:dune_grass":42,"minecraft:skeleton_skull":2,"minecraft:wheat":73,"minecraft:grass":2,"minecraft:dirt":2,"minecraft:stone":55},"minecraft:used":{"alexsmobs:emu_egg":1,"minecraft:wheat_seeds":102,"minecraft:stone_sword":127,"minecraft:stone_pickaxe":4,"minecraft:wooden_pickaxe":59,"minecraft:dirt":2,"minecraft:crafting_table":2,"biomesoplenty:wildflower":1,"iceandfire:armor_silver_metal_chestplate":1,"minecraft:bread":23,"iceandfire:graveyard_soil":1,"biomesoplenty:orange_sand":2,"iceandfire:ghost_chest":2,"biomesoplenty:orange_sandstone":8,"minecraft:bone_meal":1},"minecraft:picked_up":{"minecraft:wheat":68,"grimoireofgaia:soulfire":4,"minecraft:chainmail_boots":1,"iceandfire:ectoplasm":6,"minecraft:dirt":2,"minecraft:string":2,"minecraft:bone":13,"iceandfire:graveyard_soil":3,"minecraft:wheat_seeds":192,"minecraft:gold_nugget":5,"minecraft:rabbit_hide":4,"minecraft:iron_ingot":4,"minecraft:cobweb":10,"minecraft:iron_nugget":3,"biomesoplenty:wildflower":1,"minecraft:acacia_sapling":1,"iter_rpg:deepslate_geode":1,"iceandfire:ghost_chest":2,"minecraft:copper_ingot":2,"minecraft:acacia_log":7,"iceandfire:silver_ingot":8,"minecraft:rotten_flesh":10,"biomesoplenty:orange_sandstone":8,"minecraft:iron_helmet":1,"minecraft:bone_meal":1,"grimoireofgaia:cursed_metal_sword":1,"alexsmobs:emu_egg":1,"minecraft:gold_ingot":2,"minecraft:skeleton_skull":2,"biomesoplenty:orange_sand":6,"minecraft:cobblestone":55},"minecraft:crafted":{"minecraft:crafting_table":2,"minecraft:wooden_pickaxe":1,"minecraft:bread":5,"iceandfire:armor_silver_metal_chestplate":1,"minecraft:stick":8,"minecraft:stone_pickaxe":2,"minecraft:stone_sword":1,"minecraft:acacia_planks":28},"minecraft:dropped":{"minecraft:wheat_seeds":33},"minecraft:killed_by":{"grimoireofgaia:sphinx":1},"minecraft:killed":{"grimoireofgaia:dullahan":3,"riskofrain_mobs:lemurian_entity":1,"minecraft:spider":1,"minecraft:zombie":1,"iceandfire:ghost":3}},"DataVersion":3465}