{"stats":{"minecraft:broken":{"minecraft:wooden_pickaxe":1},"minecraft:custom":{"minecraft:time_since_rest":27569,"minecraft:sprint_one_cm":50518,"minecraft:walk_one_cm":280167,"minecraft:damage_taken":463,"minecraft:trigger_trapped_chest":3,"minecraft:mob_kills":9,"minecraft:drop":33,"minecraft:damage_dealt":2544,"minecraft:talked_to_villager":2,"minecraft:interact_with_crafting_table":4,"minecraft:fly_one_cm":92552,"minecraft:open_chest":7,"minecraft:crouch_one_cm":4712,"minecraft:play_time":27569,"minecraft:sneak_time":1199,"minecraft:jump":448,"minecraft:interact_with_grindstone":1,"minecraft:time_since_death":27569,"minecraft:climb_one_cm":312,"minecraft:total_world_time":27569,"minecraft:fall_one_cm":8261},"minecraft:mined":{"minecraft:skeleton_skull":2,"minecraft:acacia_leaves":3,"iceandfire:graveyard_soil":1,"minecraft:wheat":73,"biomesoplenty:orange_sand":6,"biomesoplenty:wildflower":1,"biomesoplenty:desert_grass":19,"minecraft:grass":2,"minecraft:acacia_log":7,"iceandfire:ghost_chest":2,"minecraft:dirt":2,"realmrpg_skeletons:quicksand_skeleton":1,"biomesoplenty:sprout":14,"biomesoplenty:orange_sandstone":8,"minecraft:stone":55,"biomesoplenty:dune_grass":41},"minecraft:used":{"alexsmobs:emu_egg":1,"minecraft:wheat_seeds":102,"minecraft:stone_sword":61,"minecraft:bread":8,"minecraft:stone_pickaxe":4,"iceandfire:graveyard_soil":1,"iceandfire:ghost_chest":2,"biomesoplenty:orange_sand":2,"minecraft:wooden_pickaxe":59,"biomesoplenty:orange_sandstone":4,"minecraft:dirt":2,"minecraft:crafting_table":2,"iceandfire:armor_silver_metal_chestplate":1,"biomesoplenty:wildflower":1,"minecraft:bone_meal":1},"minecraft:picked_up":{"minecraft:wheat":68,"iceandfire:ghost_chest":2,"minecraft:chainmail_boots":1,"grimoireofgaia:soulfire":4,"minecraft:copper_ingot":2,"minecraft:acacia_log":7,"iceandfire:ectoplasm":6,"minecraft:string":1,"minecraft:dirt":2,"iceandfire:silver_ingot":8,"minecraft:rotten_flesh":2,"minecraft:bone":13,"iceandfire:graveyard_soil":3,"minecraft:wheat_seeds":192,"minecraft:gold_nugget":5,"biomesoplenty:orange_sandstone":8,"minecraft:rabbit_hide":4,"minecraft:iron_helmet":1,"minecraft:gold_ingot":2,"minecraft:bone_meal":1,"minecraft:cobweb":10,"alexsmobs:emu_egg":1,"grimoireofgaia:cursed_metal_sword":1,"minecraft:iron_nugget":3,"biomesoplenty:wildflower":1,"iter_rpg:deepslate_geode":1,"minecraft:acacia_sapling":1,"minecraft:skeleton_skull":2,"biomesoplenty:orange_sand":6,"minecraft:cobblestone":55},"minecraft:crafted":{"iceandfire:armor_silver_metal_chestplate":1,"minecraft:crafting_table":2,"minecraft:stick":8,"minecraft:wooden_pickaxe":1,"minecraft:stone_pickaxe":2,"minecraft:stone_sword":1,"minecraft:acacia_planks":28,"minecraft:bread":5},"minecraft:dropped":{"minecraft:wheat_seeds":33},"minecraft:killed":{"grimoireofgaia:dullahan":3,"iceandfire:ghost":3,"riskofrain_mobs:lemurian_entity":1,"minecraft:spider":1}},"DataVersion":3465}