{"stat.flyOneCm":718392,"stat.deaths":23,"stat.walkOneCm":95729,"stat.drop":1,"stat.useItem.minecraft.bedrock":61,"stat.jump":130,"stat.useItem.minecraft.quartz_block":275,"stat.playOneMinute":65250,"achievement.openInventory":39,"stat.fallOneCm":50283,"stat.useItem.minecraft.planks":17,"stat.useItem.minecraft.quartz_stairs":15,"stat.useItem.minecraft.sea_lantern":8,"stat.leaveGame":1,"stat.useItem.minecraft.sponge":2,"stat.crouchOneCm":6841,"stat.timeSinceDeath":19833,"stat.useItem.minecraft.stained_hardened_clay":97,"stat.useItem.minecraft.stone_button":7,"stat.sprintOneCm":17668,"stat.useItem.minecraft.stained_glass":128,"stat.useItem.minecraft.hay_block":6,"achievement.exploreAllBiomes":{"value":0,"progress":["Plains"]}}