{"stats":{"minecraft:crafted":{"minecraft:diamond_helmet":1,"minecraft:diamond_leggings":1},"minecraft:killed_by":{"minecraft:player":4,"minecraft:creeper":1,"minecraft:spider":2,"minecraft:magma_cube":1,"minecraft:slime":1,"minecraft:rabbit":1,"minecraft:skeleton":2,"minecraft:guardian":3,"minecraft:zombie":1,"minecraft:wither":1},"minecraft:killed":{"minecraft:cave_spider":4,"minecraft:witch":1,"minecraft:spider":23,"minecraft:chicken":1,"minecraft:rabbit":1},"minecraft:used":{"minecraft:quartz_stairs":29,"minecraft:mooshroom_spawn_egg":1,"minecraft:anvil":1,"minecraft:diamond_helmet":1,"minecraft:glow_squid_spawn_egg":2,"minecraft:wandering_trader_spawn_egg":1,"minecraft:sea_lantern":4,"minecraft:villager_spawn_egg":1,"minecraft:quartz_slab":6,"minecraft:slime_spawn_egg":1,"minecraft:golden_sword":47,"minecraft:egg":1,"minecraft:cooked_beef":1,"lucky:lucky_potion":43,"minecraft:leather_leggings":1,"minecraft:leather_chestplate":1,"minecraft:beacon":1,"lucky:lucky_sword":121,"minecraft:leather_boots":1,"minecraft:cookie":2,"minecraft:white_wool":33,"minecraft:golden_apple":2,"minecraft:sponge":2,"minecraft:cake":1,"minecraft:zombie_head":1,"minecraft:leather_helmet":1,"minecraft:cat_spawn_egg":1,"minecraft:fishing_rod":19,"minecraft:potion":1,"minecraft:cooked_porkchop":2,"minecraft:diamond_leggings":1,"minecraft:golden_pickaxe":32,"minecraft:splash_potion":5},"minecraft:mined":{"minecraft:quartz_stairs":1,"minecraft:sea_lantern":1,"minecraft:sandstone_stairs":2,"minecraft:iron_bars":11,"lucky:lucky_block":163,"minecraft:quartz_block":1,"minecraft:orange_terracotta":2,"minecraft:sponge":1,"minecraft:glass":3},"minecraft:custom":{"minecraft:mob_kills":37,"minecraft:time_since_death":7730,"minecraft:damage_resisted":400,"minecraft:sprint_one_cm":246026,"minecraft:walk_one_cm":235925,"minecraft:drop":163,"minecraft:talked_to_villager":5,"minecraft:play_time":79500,"minecraft:deaths":34,"minecraft:sneak_time":504,"minecraft:walk_under_water_one_cm":1901,"minecraft:jump":1666,"minecraft:walk_on_water_one_cm":6673,"minecraft:total_world_time":79500,"minecraft:traded_with_villager":2,"minecraft:time_since_rest":7764,"minecraft:damage_taken":11587,"minecraft:damage_absorbed":320,"minecraft:damage_dealt":6348,"minecraft:interact_with_beacon":1,"minecraft:swim_one_cm":1034,"minecraft:fly_one_cm":625264,"minecraft:player_kills":1,"minecraft:open_chest":6,"minecraft:crouch_one_cm":2415,"minecraft:fall_one_cm":60360},"minecraft:picked_up":{"minecraft:fishing_rod":1,"minecraft:slime_spawn_egg":1,"minecraft:iron_chestplate":2,"minecraft:splash_potion":7,"minecraft:anvil":2,"minecraft:prismarine_shard":142,"minecraft:golden_pickaxe":1,"minecraft:cooked_rabbit":1,"minecraft:potion":7,"minecraft:enchanted_book":24,"minecraft:golden_shovel":1,"minecraft:golden_sword":1,"minecraft:string":10,"lucky:lucky_potion":67,"minecraft:cat_spawn_egg":1,"minecraft:iron_leggings":1,"minecraft:quartz_slab":12,"minecraft:zombie_head":1,"lucky:lucky_sword":5,"minecraft:bucket":5,"minecraft:poppy":3,"minecraft:enchanted_golden_apple":2,"minecraft:quartz_stairs":69,"minecraft:diamond_hoe":1,"minecraft:egg":1,"minecraft:jukebox":1,"minecraft:mooshroom_spawn_egg":1,"minecraft:golden_axe":1,"minecraft:villager_spawn_egg":1,"minecraft:cake":1,"minecraft:cookie":57,"minecraft:trident":1,"minecraft:redstone":2,"minecraft:prismarine_crystals":78,"minecraft:quartz_block":99,"minecraft:rotten_flesh":14,"minecraft:arrow":1,"minecraft:diamond_chestplate":1,"minecraft:tropical_fish":2,"minecraft:golden_hoe":1,"minecraft:music_disc_ward":1,"minecraft:diamond_boots":1,"minecraft:sandstone_stairs":2,"minecraft:yellow_terracotta":11,"minecraft:gold_ingot":40,"minecraft:bookshelf":2,"minecraft:blaze_rod":3,"minecraft:mutton":2,"minecraft:obsidian":10,"minecraft:iron_bars":14,"minecraft:white_wool":40,"minecraft:cobblestone":4,"minecraft:sponge":2,"minecraft:cooked_beef":1,"minecraft:golden_carrot":1,"minecraft:water_bucket":3,"minecraft:brown_wool":1,"minecraft:chiseled_quartz_block":26,"minecraft:beacon":3,"minecraft:wandering_trader_spawn_egg":1,"minecraft:magenta_terracotta":9,"minecraft:lapis_lazuli":102,"minecraft:glow_squid_spawn_egg":2,"lucky:lucky_bow":4,"minecraft:orange_terracotta":2,"minecraft:bone":8,"minecraft:bow":1,"minecraft:rabbit_hide":1,"minecraft:iron_ingot":26,"minecraft:cooked_chicken":1,"minecraft:rabbit":7,"minecraft:prismarine":86,"minecraft:ghast_tear":3,"minecraft:black_terracotta":23,"minecraft:milk_bucket":2,"minecraft:music_disc_13":1,"minecraft:magenta_stained_glass_pane":1,"minecraft:lava_bucket":1,"minecraft:spider_eye":8,"minecraft:red_terracotta":9,"minecraft:sea_lantern":33,"minecraft:dispenser":4,"minecraft:sugar":33,"minecraft:slime_ball":8,"minecraft:diamond":144,"minecraft:golden_apple":7,"minecraft:emerald":59,"minecraft:baked_potato":1,"minecraft:jack_o_lantern":15},"minecraft:broken":{"minecraft:leather_helmet":1,"minecraft:leather_leggings":1,"minecraft:leather_chestplate":1,"minecraft:golden_sword":1,"minecraft:leather_boots":1,"minecraft:golden_pickaxe":1,"minecraft:fishing_rod":1},"minecraft:dropped":{"minecraft:enchanted_book":23,"minecraft:water_bucket":3,"minecraft:lapis_lazuli":71,"minecraft:baked_potato":1,"minecraft:glass_bottle":1,"minecraft:diamond":36,"minecraft:bookshelf":2,"minecraft:cooked_porkchop":16,"minecraft:prismarine_shard":23,"minecraft:yellow_terracotta":8,"minecraft:prismarine_crystals":23,"minecraft:tropical_fish":2,"minecraft:emerald":59,"minecraft:milk_bucket":1,"minecraft:golden_carrot":1,"minecraft:dispenser":4,"minecraft:mutton":2,"minecraft:rabbit":3,"minecraft:brown_wool":1,"minecraft:jack_o_lantern":15,"minecraft:potion":3,"minecraft:iron_leggings":1,"lucky:lucky_bow":2,"minecraft:sugar":33,"minecraft:string":10,"minecraft:white_wool":7,"minecraft:bucket":5,"minecraft:bone":8,"minecraft:gold_ingot":40,"minecraft:redstone":2,"minecraft:anvil":1,"minecraft:cooked_chicken":1,"minecraft:blaze_rod":1,"minecraft:chiseled_quartz_block":26,"minecraft:obsidian":10,"minecraft:rotten_flesh":14,"minecraft:red_terracotta":9,"minecraft:poppy":1,"minecraft:sea_lantern":14,"minecraft:iron_chestplate":1,"minecraft:quartz_block":56,"minecraft:slime_ball":4,"minecraft:beacon":2,"minecraft:arrow":1,"minecraft:bow":1,"lucky:lucky_sword":3,"minecraft:cooked_rabbit":1,"minecraft:splash_potion":1,"minecraft:quartz_slab":6}},"DataVersion":3465}