{"stats":{"minecraft:killed_by":{"minecraft:player":3,"minecraft:skeleton":2,"minecraft:guardian":3,"minecraft:spider":2,"minecraft:zombie":1},"minecraft:killed":{"minecraft:spider":1},"minecraft:mined":{"minecraft:quartz_block":1,"minecraft:quartz_stairs":1,"minecraft:orange_terracotta":1,"minecraft:sandstone_stairs":2,"minecraft:iron_bars":11,"lucky:lucky_block":46},"minecraft:used":{"minecraft:leather_leggings":1,"minecraft:leather_chestplate":1,"lucky:lucky_sword":10,"minecraft:beacon":1,"minecraft:quartz_stairs":29,"minecraft:leather_boots":1,"minecraft:golden_apple":2,"minecraft:mooshroom_spawn_egg":1,"minecraft:cake":1,"minecraft:glow_squid_spawn_egg":2,"minecraft:wandering_trader_spawn_egg":1,"minecraft:villager_spawn_egg":1,"minecraft:zombie_head":1,"minecraft:leather_helmet":1,"minecraft:cat_spawn_egg":1,"minecraft:slime_spawn_egg":1,"minecraft:golden_sword":47,"minecraft:cooked_porkchop":2,"lucky:lucky_potion":11,"minecraft:splash_potion":4,"minecraft:golden_pickaxe":17},"minecraft:custom":{"minecraft:mob_kills":3,"minecraft:time_since_death":2075,"minecraft:time_since_rest":2119,"minecraft:walk_one_cm":118676,"minecraft:sprint_one_cm":128083,"minecraft:damage_taken":7139,"minecraft:damage_absorbed":80,"minecraft:drop":97,"minecraft:damage_dealt":1982,"minecraft:interact_with_beacon":1,"minecraft:talked_to_villager":2,"minecraft:fly_one_cm":323718,"minecraft:open_chest":4,"minecraft:crouch_one_cm":165,"minecraft:play_time":43500,"minecraft:deaths":23,"minecraft:sneak_time":258,"minecraft:jump":842,"minecraft:walk_on_water_one_cm":2571,"minecraft:total_world_time":43500,"minecraft:fall_one_cm":36858},"minecraft:picked_up":{"minecraft:slime_spawn_egg":1,"minecraft:splash_potion":7,"minecraft:anvil":1,"minecraft:prismarine_shard":78,"minecraft:water_bucket":2,"minecraft:golden_pickaxe":1,"minecraft:brown_wool":1,"minecraft:beacon":1,"minecraft:chiseled_quartz_block":19,"minecraft:enchanted_book":17,"minecraft:potion":7,"minecraft:golden_shovel":1,"minecraft:wandering_trader_spawn_egg":1,"minecraft:golden_sword":1,"minecraft:lapis_lazuli":40,"minecraft:glow_squid_spawn_egg":2,"minecraft:magenta_terracotta":9,"minecraft:string":10,"lucky:lucky_bow":1,"lucky:lucky_potion":11,"minecraft:cat_spawn_egg":1,"minecraft:orange_terracotta":2,"minecraft:quartz_slab":6,"minecraft:zombie_head":1,"minecraft:bow":1,"lucky:lucky_sword":3,"minecraft:bucket":5,"minecraft:iron_ingot":26,"minecraft:poppy":3,"minecraft:enchanted_golden_apple":1,"minecraft:quartz_stairs":58,"minecraft:prismarine":45,"minecraft:diamond_hoe":1,"minecraft:black_terracotta":20,"minecraft:jukebox":1,"minecraft:music_disc_13":1,"minecraft:mooshroom_spawn_egg":1,"minecraft:magenta_stained_glass_pane":1,"minecraft:lava_bucket":1,"minecraft:golden_axe":1,"minecraft:cake":1,"minecraft:villager_spawn_egg":1,"minecraft:red_terracotta":9,"minecraft:prismarine_crystals":32,"minecraft:sea_lantern":14,"minecraft:spider_eye":8,"minecraft:quartz_block":80,"minecraft:arrow":1,"minecraft:diamond_chestplate":1,"minecraft:rotten_flesh":11,"minecraft:slime_ball":8,"minecraft:diamond":36,"minecraft:tropical_fish":2,"minecraft:golden_hoe":1,"minecraft:music_disc_ward":1,"minecraft:sandstone_stairs":2,"minecraft:yellow_terracotta":9,"minecraft:golden_apple":3,"minecraft:gold_ingot":40,"minecraft:emerald":59,"minecraft:jack_o_lantern":15,"minecraft:mutton":2,"minecraft:iron_bars":14,"minecraft:white_wool":33,"minecraft:cobblestone":4},"minecraft:broken":{"minecraft:leather_helmet":1,"minecraft:golden_sword":1,"minecraft:leather_boots":1,"minecraft:leather_leggings":1,"minecraft:leather_chestplate":1},"minecraft:dropped":{"minecraft:water_bucket":1,"minecraft:enchanted_book":17,"minecraft:anvil":1,"minecraft:lapis_lazuli":40,"minecraft:chiseled_quartz_block":3,"minecraft:diamond":36,"minecraft:cooked_porkchop":16,"minecraft:prismarine_shard":23,"minecraft:yellow_terracotta":8,"minecraft:prismarine_crystals":23,"minecraft:rotten_flesh":11,"minecraft:tropical_fish":1,"minecraft:red_terracotta":9,"minecraft:emerald":59,"minecraft:poppy":1,"minecraft:sea_lantern":14,"minecraft:mutton":2,"minecraft:quartz_block":56,"minecraft:brown_wool":1,"minecraft:jack_o_lantern":15,"minecraft:potion":3,"lucky:lucky_bow":1,"minecraft:slime_ball":4,"minecraft:arrow":1,"minecraft:bow":1,"minecraft:string":10,"minecraft:bucket":5,"lucky:lucky_sword":1,"minecraft:white_wool":6,"minecraft:splash_potion":1,"minecraft:gold_ingot":40,"minecraft:quartz_slab":6}},"DataVersion":3465}