{"stats":{"minecraft:mined":{"lucky:lucky_block":4},"minecraft:used":{"minecraft:leather_leggings":1,"minecraft:zombie_head":1,"minecraft:leather_helmet":1,"minecraft:leather_chestplate":1,"minecraft:splash_potion":1,"minecraft:leather_boots":1},"minecraft:custom":{"minecraft:time_since_rest":1042,"minecraft:open_chest":1,"minecraft:play_time":7500,"minecraft:sprint_one_cm":9976,"minecraft:walk_one_cm":24765,"minecraft:damage_taken":730,"minecraft:deaths":3,"minecraft:drop":12,"minecraft:jump":98,"minecraft:damage_dealt":82,"minecraft:time_since_death":1012,"minecraft:total_world_time":7500,"minecraft:fall_one_cm":2901,"minecraft:fly_one_cm":111377},"minecraft:picked_up":{"minecraft:cat_spawn_egg":1,"minecraft:slime_spawn_egg":1,"minecraft:black_terracotta":1,"minecraft:splash_potion":3,"minecraft:quartz_block":9,"minecraft:zombie_head":1,"minecraft:tropical_fish":2,"minecraft:mooshroom_spawn_egg":1,"minecraft:potion":3,"minecraft:villager_spawn_egg":1,"minecraft:wandering_trader_spawn_egg":1,"minecraft:glow_squid_spawn_egg":2,"minecraft:red_terracotta":2},"minecraft:dropped":{"minecraft:tropical_fish":1,"minecraft:quartz_block":9,"minecraft:red_terracotta":2}},"DataVersion":3465}