{"stats":{"minecraft:killed_by":{"minecraft:player":3,"minecraft:rabbit":1,"minecraft:skeleton":2,"minecraft:creeper":1,"minecraft:guardian":3,"minecraft:spider":2,"minecraft:zombie":1,"minecraft:magma_cube":1},"minecraft:killed":{"minecraft:witch":1,"minecraft:spider":1},"minecraft:mined":{"minecraft:quartz_block":1,"minecraft:quartz_stairs":1,"minecraft:orange_terracotta":1,"minecraft:sponge":1,"minecraft:glass":2,"minecraft:sandstone_stairs":2,"minecraft:iron_bars":11,"lucky:lucky_block":99},"minecraft:used":{"minecraft:leather_leggings":1,"minecraft:leather_chestplate":1,"lucky:lucky_sword":29,"minecraft:beacon":1,"minecraft:quartz_stairs":29,"minecraft:leather_boots":1,"minecraft:golden_apple":2,"minecraft:mooshroom_spawn_egg":1,"minecraft:sponge":2,"minecraft:cake":1,"minecraft:glow_squid_spawn_egg":2,"minecraft:wandering_trader_spawn_egg":1,"minecraft:villager_spawn_egg":1,"minecraft:quartz_slab":6,"minecraft:zombie_head":1,"minecraft:leather_helmet":1,"minecraft:cat_spawn_egg":1,"minecraft:slime_spawn_egg":1,"minecraft:fishing_rod":19,"minecraft:golden_sword":47,"minecraft:cooked_porkchop":2,"lucky:lucky_potion":16,"minecraft:splash_potion":4,"minecraft:golden_pickaxe":28},"minecraft:custom":{"minecraft:mob_kills":4,"minecraft:time_since_death":882,"minecraft:time_since_rest":909,"minecraft:walk_one_cm":155759,"minecraft:sprint_one_cm":172583,"minecraft:damage_taken":9339,"minecraft:damage_absorbed":160,"minecraft:drop":106,"minecraft:damage_dealt":2309,"minecraft:interact_with_beacon":1,"minecraft:swim_one_cm":78,"minecraft:talked_to_villager":2,"minecraft:fly_one_cm":413598,"minecraft:walk_under_water_one_cm":1329,"minecraft:open_chest":6,"minecraft:crouch_one_cm":166,"minecraft:play_time":55500,"minecraft:deaths":29,"minecraft:sneak_time":330,"minecraft:jump":1190,"minecraft:walk_on_water_one_cm":5751,"minecraft:total_world_time":55500,"minecraft:fall_one_cm":46676},"minecraft:picked_up":{"minecraft:sponge":2,"minecraft:fishing_rod":1,"minecraft:slime_spawn_egg":1,"minecraft:splash_potion":7,"minecraft:anvil":1,"minecraft:prismarine_shard":121,"minecraft:water_bucket":3,"minecraft:golden_pickaxe":1,"minecraft:brown_wool":1,"minecraft:beacon":3,"minecraft:chiseled_quartz_block":26,"minecraft:enchanted_book":18,"minecraft:potion":7,"minecraft:golden_shovel":1,"minecraft:wandering_trader_spawn_egg":1,"minecraft:golden_sword":1,"minecraft:lapis_lazuli":71,"minecraft:glow_squid_spawn_egg":2,"minecraft:magenta_terracotta":9,"minecraft:string":10,"lucky:lucky_bow":2,"lucky:lucky_potion":27,"minecraft:cat_spawn_egg":1,"minecraft:orange_terracotta":2,"minecraft:quartz_slab":12,"minecraft:zombie_head":1,"minecraft:bow":1,"lucky:lucky_sword":4,"minecraft:bucket":5,"minecraft:iron_ingot":26,"minecraft:poppy":3,"minecraft:rabbit":3,"minecraft:enchanted_golden_apple":1,"minecraft:quartz_stairs":69,"minecraft:prismarine":70,"minecraft:diamond_hoe":1,"minecraft:milk_bucket":2,"minecraft:black_terracotta":23,"minecraft:jukebox":1,"minecraft:music_disc_13":1,"minecraft:mooshroom_spawn_egg":1,"minecraft:magenta_stained_glass_pane":1,"minecraft:lava_bucket":1,"minecraft:golden_axe":1,"minecraft:cake":1,"minecraft:villager_spawn_egg":1,"minecraft:redstone":2,"minecraft:red_terracotta":9,"minecraft:prismarine_crystals":63,"minecraft:sea_lantern":29,"minecraft:spider_eye":8,"minecraft:dispenser":1,"minecraft:quartz_block":99,"minecraft:arrow":1,"minecraft:diamond_chestplate":1,"minecraft:rotten_flesh":13,"minecraft:slime_ball":8,"minecraft:diamond":83,"minecraft:tropical_fish":2,"minecraft:golden_hoe":1,"minecraft:music_disc_ward":1,"minecraft:diamond_boots":1,"minecraft:sandstone_stairs":2,"minecraft:yellow_terracotta":11,"minecraft:golden_apple":3,"minecraft:gold_ingot":40,"minecraft:emerald":59,"minecraft:jack_o_lantern":15,"minecraft:obsidian":10,"minecraft:mutton":2,"minecraft:iron_bars":14,"minecraft:white_wool":40,"minecraft:cobblestone":4},"minecraft:broken":{"minecraft:leather_helmet":1,"minecraft:golden_sword":1,"minecraft:leather_boots":1,"minecraft:leather_leggings":1,"minecraft:fishing_rod":1,"minecraft:leather_chestplate":1},"minecraft:dropped":{"minecraft:water_bucket":3,"minecraft:enchanted_book":18,"minecraft:anvil":1,"minecraft:lapis_lazuli":40,"minecraft:chiseled_quartz_block":3,"minecraft:diamond":36,"minecraft:cooked_porkchop":16,"minecraft:prismarine_shard":23,"minecraft:yellow_terracotta":8,"minecraft:prismarine_crystals":23,"minecraft:rotten_flesh":11,"minecraft:tropical_fish":2,"minecraft:red_terracotta":9,"minecraft:emerald":59,"minecraft:poppy":1,"minecraft:sea_lantern":14,"minecraft:milk_bucket":1,"minecraft:mutton":2,"minecraft:quartz_block":56,"minecraft:brown_wool":1,"minecraft:jack_o_lantern":15,"minecraft:potion":3,"minecraft:beacon":2,"lucky:lucky_bow":1,"minecraft:slime_ball":4,"minecraft:arrow":1,"minecraft:bow":1,"minecraft:string":10,"minecraft:bucket":5,"lucky:lucky_sword":2,"minecraft:white_wool":7,"minecraft:splash_potion":1,"minecraft:redstone":2,"minecraft:gold_ingot":40,"minecraft:quartz_slab":6}},"DataVersion":3465}