{"stats":{"minecraft:crafted":{"minecraft:diamond_helmet":1,"minecraft:diamond_leggings":1},"minecraft:killed_by":{"minecraft:player":3,"minecraft:creeper":1,"minecraft:spider":2,"minecraft:magma_cube":1,"minecraft:slime":1,"minecraft:rabbit":1,"minecraft:skeleton":2,"minecraft:guardian":3,"minecraft:zombie":1},"minecraft:killed":{"minecraft:cave_spider":1,"minecraft:witch":1,"minecraft:spider":10},"minecraft:used":{"minecraft:quartz_stairs":29,"minecraft:mooshroom_spawn_egg":1,"minecraft:anvil":1,"minecraft:diamond_helmet":1,"minecraft:glow_squid_spawn_egg":2,"minecraft:wandering_trader_spawn_egg":1,"minecraft:villager_spawn_egg":1,"minecraft:quartz_slab":6,"minecraft:slime_spawn_egg":1,"minecraft:golden_sword":47,"lucky:lucky_potion":24,"minecraft:leather_leggings":1,"minecraft:leather_chestplate":1,"minecraft:beacon":1,"lucky:lucky_sword":72,"minecraft:leather_boots":1,"minecraft:white_wool":21,"minecraft:golden_apple":2,"minecraft:sponge":2,"minecraft:cake":1,"minecraft:zombie_head":1,"minecraft:leather_helmet":1,"minecraft:cat_spawn_egg":1,"minecraft:fishing_rod":19,"minecraft:cooked_porkchop":2,"minecraft:diamond_leggings":1,"minecraft:golden_pickaxe":28,"minecraft:splash_potion":4},"minecraft:mined":{"minecraft:quartz_stairs":1,"minecraft:sandstone_stairs":2,"minecraft:iron_bars":11,"lucky:lucky_block":124,"minecraft:quartz_block":1,"minecraft:orange_terracotta":1,"minecraft:sponge":1,"minecraft:glass":2},"minecraft:custom":{"minecraft:mob_kills":15,"minecraft:time_since_death":1549,"minecraft:damage_resisted":127,"minecraft:sprint_one_cm":187449,"minecraft:walk_one_cm":174164,"minecraft:drop":113,"minecraft:talked_to_villager":5,"minecraft:play_time":67500,"minecraft:deaths":32,"minecraft:sneak_time":330,"minecraft:walk_under_water_one_cm":1329,"minecraft:jump":1314,"minecraft:walk_on_water_one_cm":6157,"minecraft:total_world_time":67500,"minecraft:traded_with_villager":2,"minecraft:time_since_rest":1592,"minecraft:damage_taken":10348,"minecraft:damage_absorbed":241,"minecraft:damage_dealt":4131,"minecraft:interact_with_beacon":1,"minecraft:swim_one_cm":78,"minecraft:fly_one_cm":460201,"minecraft:open_chest":6,"minecraft:crouch_one_cm":166,"minecraft:fall_one_cm":50482},"minecraft:picked_up":{"minecraft:fishing_rod":1,"minecraft:slime_spawn_egg":1,"minecraft:splash_potion":7,"minecraft:anvil":2,"minecraft:prismarine_shard":121,"minecraft:golden_pickaxe":1,"minecraft:potion":7,"minecraft:enchanted_book":21,"minecraft:golden_shovel":1,"minecraft:golden_sword":1,"minecraft:string":10,"lucky:lucky_potion":39,"minecraft:cat_spawn_egg":1,"minecraft:quartz_slab":12,"minecraft:zombie_head":1,"lucky:lucky_sword":4,"minecraft:bucket":5,"minecraft:poppy":3,"minecraft:enchanted_golden_apple":2,"minecraft:quartz_stairs":69,"minecraft:diamond_hoe":1,"minecraft:egg":1,"minecraft:jukebox":1,"minecraft:mooshroom_spawn_egg":1,"minecraft:golden_axe":1,"minecraft:villager_spawn_egg":1,"minecraft:cake":1,"minecraft:trident":1,"minecraft:redstone":2,"minecraft:prismarine_crystals":63,"minecraft:quartz_block":99,"minecraft:rotten_flesh":14,"minecraft:arrow":1,"minecraft:diamond_chestplate":1,"minecraft:tropical_fish":2,"minecraft:golden_hoe":1,"minecraft:music_disc_ward":1,"minecraft:diamond_boots":1,"minecraft:sandstone_stairs":2,"minecraft:yellow_terracotta":11,"minecraft:gold_ingot":40,"minecraft:bookshelf":2,"minecraft:mutton":2,"minecraft:obsidian":10,"minecraft:iron_bars":14,"minecraft:white_wool":40,"minecraft:cobblestone":4,"minecraft:sponge":2,"minecraft:water_bucket":3,"minecraft:brown_wool":1,"minecraft:chiseled_quartz_block":26,"minecraft:beacon":3,"minecraft:wandering_trader_spawn_egg":1,"minecraft:magenta_terracotta":9,"minecraft:lapis_lazuli":71,"minecraft:glow_squid_spawn_egg":2,"lucky:lucky_bow":2,"minecraft:orange_terracotta":2,"minecraft:bow":1,"minecraft:iron_ingot":26,"minecraft:rabbit":3,"minecraft:prismarine":70,"minecraft:black_terracotta":23,"minecraft:milk_bucket":2,"minecraft:music_disc_13":1,"minecraft:magenta_stained_glass_pane":1,"minecraft:lava_bucket":1,"minecraft:spider_eye":8,"minecraft:red_terracotta":9,"minecraft:sea_lantern":29,"minecraft:dispenser":2,"minecraft:slime_ball":8,"minecraft:diamond":144,"minecraft:golden_apple":7,"minecraft:emerald":59,"minecraft:jack_o_lantern":15},"minecraft:broken":{"minecraft:leather_helmet":1,"minecraft:leather_leggings":1,"minecraft:leather_chestplate":1,"minecraft:golden_sword":1,"minecraft:leather_boots":1,"minecraft:fishing_rod":1},"minecraft:dropped":{"minecraft:enchanted_book":19,"minecraft:water_bucket":3,"minecraft:lapis_lazuli":40,"minecraft:diamond":36,"minecraft:bookshelf":2,"minecraft:cooked_porkchop":16,"minecraft:prismarine_shard":23,"minecraft:yellow_terracotta":8,"minecraft:prismarine_crystals":23,"minecraft:tropical_fish":2,"minecraft:emerald":59,"minecraft:milk_bucket":1,"minecraft:dispenser":1,"minecraft:mutton":2,"minecraft:rabbit":3,"minecraft:brown_wool":1,"minecraft:jack_o_lantern":15,"minecraft:potion":3,"lucky:lucky_bow":1,"minecraft:string":10,"minecraft:white_wool":7,"minecraft:bucket":5,"minecraft:gold_ingot":40,"minecraft:redstone":2,"minecraft:anvil":1,"minecraft:chiseled_quartz_block":26,"minecraft:obsidian":10,"minecraft:rotten_flesh":14,"minecraft:red_terracotta":9,"minecraft:poppy":1,"minecraft:sea_lantern":14,"minecraft:quartz_block":56,"minecraft:slime_ball":4,"minecraft:beacon":2,"minecraft:arrow":1,"minecraft:bow":1,"lucky:lucky_sword":2,"minecraft:splash_potion":1,"minecraft:quartz_slab":6}},"DataVersion":3465}