{"stats":{"minecraft:killed_by":{"minecraft:player":2,"minecraft:skeleton":1,"minecraft:guardian":3,"minecraft:spider":2,"minecraft:zombie":1},"minecraft:killed":{"minecraft:spider":1},"minecraft:mined":{"minecraft:sandstone_stairs":2,"minecraft:iron_bars":2,"lucky:lucky_block":25},"minecraft:used":{"minecraft:leather_leggings":1,"minecraft:leather_chestplate":1,"minecraft:quartz_stairs":29,"minecraft:leather_boots":1,"minecraft:golden_apple":2,"minecraft:mooshroom_spawn_egg":1,"minecraft:glow_squid_spawn_egg":2,"minecraft:wandering_trader_spawn_egg":1,"minecraft:villager_spawn_egg":1,"minecraft:zombie_head":1,"minecraft:leather_helmet":1,"minecraft:cat_spawn_egg":1,"minecraft:slime_spawn_egg":1,"minecraft:golden_sword":44,"minecraft:cooked_porkchop":2,"minecraft:splash_potion":4,"minecraft:golden_pickaxe":5},"minecraft:custom":{"minecraft:mob_kills":2,"minecraft:time_since_death":302,"minecraft:time_since_rest":329,"minecraft:walk_one_cm":85419,"minecraft:sprint_one_cm":92489,"minecraft:damage_taken":5441,"minecraft:damage_absorbed":80,"minecraft:drop":52,"minecraft:damage_dealt":1635,"minecraft:talked_to_villager":2,"minecraft:fly_one_cm":250043,"minecraft:open_chest":2,"minecraft:crouch_one_cm":157,"minecraft:play_time":31500,"minecraft:deaths":17,"minecraft:sneak_time":182,"minecraft:jump":602,"minecraft:total_world_time":31500,"minecraft:fall_one_cm":19983},"minecraft:picked_up":{"minecraft:slime_spawn_egg":1,"minecraft:splash_potion":5,"minecraft:prismarine_shard":51,"minecraft:water_bucket":1,"minecraft:golden_pickaxe":1,"minecraft:brown_wool":1,"minecraft:chiseled_quartz_block":2,"minecraft:enchanted_book":7,"minecraft:potion":3,"minecraft:golden_shovel":1,"minecraft:wandering_trader_spawn_egg":1,"minecraft:golden_sword":1,"minecraft:lapis_lazuli":20,"minecraft:glow_squid_spawn_egg":2,"minecraft:magenta_terracotta":9,"minecraft:string":1,"minecraft:cat_spawn_egg":1,"minecraft:zombie_head":1,"minecraft:bucket":2,"minecraft:iron_ingot":2,"minecraft:poppy":1,"minecraft:quartz_stairs":35,"minecraft:prismarine":26,"minecraft:black_terracotta":2,"minecraft:mooshroom_spawn_egg":1,"minecraft:magenta_stained_glass_pane":1,"minecraft:lava_bucket":1,"minecraft:golden_axe":1,"minecraft:villager_spawn_egg":1,"minecraft:red_terracotta":6,"minecraft:prismarine_crystals":25,"minecraft:sea_lantern":14,"minecraft:spider_eye":4,"minecraft:quartz_block":15,"minecraft:diamond_chestplate":1,"minecraft:rotten_flesh":1,"minecraft:slime_ball":8,"minecraft:diamond":20,"minecraft:tropical_fish":2,"minecraft:golden_hoe":1,"minecraft:golden_apple":1,"minecraft:gold_ingot":24,"minecraft:emerald":28,"minecraft:mutton":2,"minecraft:iron_bars":5,"minecraft:white_wool":9},"minecraft:broken":{"minecraft:leather_helmet":1,"minecraft:golden_sword":1,"minecraft:leather_boots":1,"minecraft:leather_leggings":1,"minecraft:leather_chestplate":1},"minecraft:dropped":{"minecraft:enchanted_book":7,"minecraft:chiseled_quartz_block":2,"minecraft:cooked_porkchop":16,"minecraft:prismarine_shard":23,"minecraft:prismarine_crystals":23,"minecraft:rotten_flesh":1,"minecraft:tropical_fish":1,"minecraft:red_terracotta":6,"minecraft:emerald":27,"minecraft:sea_lantern":14,"minecraft:quartz_block":9,"minecraft:brown_wool":1,"minecraft:slime_ball":4,"minecraft:string":1,"minecraft:white_wool":6}},"DataVersion":3465}