{"stats":{"minecraft:killed_by":{"minecraft:player":1,"minecraft:spider":2},"minecraft:killed":{"minecraft:spider":1},"minecraft:mined":{"lucky:lucky_block":12},"minecraft:used":{"minecraft:leather_leggings":1,"minecraft:villager_spawn_egg":1,"minecraft:zombie_head":1,"minecraft:leather_helmet":1,"minecraft:leather_chestplate":1,"minecraft:leather_boots":1,"minecraft:golden_sword":31,"minecraft:golden_apple":2,"minecraft:splash_potion":3},"minecraft:custom":{"minecraft:time_since_rest":184,"minecraft:damage_absorbed":80,"minecraft:sprint_one_cm":42741,"minecraft:damage_taken":2499,"minecraft:walk_one_cm":62313,"minecraft:mob_kills":1,"minecraft:drop":28,"minecraft:damage_dealt":1049,"minecraft:talked_to_villager":2,"minecraft:fly_one_cm":154221,"minecraft:open_chest":2,"minecraft:play_time":19500,"minecraft:deaths":9,"minecraft:jump":263,"minecraft:time_since_death":153,"minecraft:total_world_time":19500,"minecraft:fall_one_cm":8426},"minecraft:picked_up":{"minecraft:slime_spawn_egg":1,"minecraft:black_terracotta":2,"minecraft:splash_potion":4,"minecraft:prismarine_shard":46,"minecraft:water_bucket":1,"minecraft:golden_pickaxe":1,"minecraft:brown_wool":1,"minecraft:mooshroom_spawn_egg":1,"minecraft:chiseled_quartz_block":2,"minecraft:lava_bucket":1,"minecraft:magenta_stained_glass_pane":1,"minecraft:golden_shovel":1,"minecraft:potion":3,"minecraft:enchanted_book":7,"minecraft:golden_axe":1,"minecraft:villager_spawn_egg":1,"minecraft:wandering_trader_spawn_egg":1,"minecraft:golden_sword":1,"minecraft:magenta_terracotta":9,"minecraft:spider_eye":3,"minecraft:sea_lantern":14,"minecraft:prismarine_crystals":23,"minecraft:red_terracotta":6,"minecraft:glow_squid_spawn_egg":2,"minecraft:string":1,"minecraft:cat_spawn_egg":1,"minecraft:quartz_block":9,"minecraft:zombie_head":1,"minecraft:rotten_flesh":1,"minecraft:diamond":2,"minecraft:tropical_fish":2,"minecraft:golden_hoe":1,"minecraft:bucket":2,"minecraft:iron_ingot":2,"minecraft:gold_ingot":6,"minecraft:emerald":26,"minecraft:quartz_stairs":29,"minecraft:prismarine":23,"minecraft:mutton":2,"minecraft:white_wool":1},"minecraft:broken":{"minecraft:leather_helmet":1,"minecraft:golden_sword":1},"minecraft:dropped":{"minecraft:enchanted_book":7,"minecraft:sea_lantern":14,"minecraft:chiseled_quartz_block":1,"minecraft:quartz_block":9,"minecraft:prismarine_shard":23,"minecraft:prismarine_crystals":23,"minecraft:tropical_fish":1,"minecraft:string":1,"minecraft:white_wool":1,"minecraft:red_terracotta":2,"minecraft:emerald":26}},"DataVersion":3465}