{"stats":{"minecraft:killed_by":{"minecraft:endermite":1,"minecraft:player":1,"minecraft:cave_spider":1,"minecraft:rabbit":1,"minecraft:skeleton":1,"minecraft:guardian":1},"minecraft:killed":{"minecraft:endermite":1,"minecraft:slime":1,"minecraft:guardian":1,"minecraft:skeleton_horse":1,"minecraft:pig":1,"minecraft:mooshroom":1},"minecraft:used":{"minecraft:obsidian":12,"minecraft:golden_sword":28,"minecraft:magenta_terracotta":9,"minecraft:golden_apple":1,"minecraft:chiseled_quartz_block":2,"minecraft:painting":12,"minecraft:diamond_pickaxe":27,"minecraft:map":1,"minecraft:red_terracotta":2,"minecraft:wooden_sword":34,"minecraft:cooked_porkchop":6,"minecraft:splash_potion":1},"minecraft:mined":{"minecraft:quartz_stairs":1,"minecraft:obsidian":2,"minecraft:iron_bars":4,"lucky:lucky_block":36,"minecraft:white_wool":5,"minecraft:quartz_block":4,"minecraft:chiseled_quartz_block":1,"minecraft:torch":2,"minecraft:magenta_terracotta":9},"minecraft:custom":{"minecraft:mob_kills":6,"minecraft:time_since_death":507,"minecraft:sprint_one_cm":124424,"minecraft:walk_one_cm":100907,"minecraft:drop":85,"minecraft:play_time":40728,"minecraft:deaths":24,"minecraft:sneak_time":100,"minecraft:jump":910,"minecraft:walk_on_water_one_cm":27,"minecraft:total_world_time":40728,"minecraft:time_since_rest":550,"minecraft:damage_taken":7043,"minecraft:damage_absorbed":40,"minecraft:damage_dealt":1274,"minecraft:interact_with_beacon":1,"minecraft:fly_one_cm":293465,"minecraft:open_chest":6,"minecraft:crouch_one_cm":458,"minecraft:fall_one_cm":37366,"minecraft:horse_one_cm":24406},"minecraft:picked_up":{"minecraft:ender_chest":2,"minecraft:iron_trapdoor":2,"minecraft:prismarine_shard":25,"minecraft:redstone_lamp":4,"minecraft:enchanted_book":18,"minecraft:potion":2,"minecraft:heavy_weighted_pressure_plate":1,"minecraft:oak_trapdoor":2,"minecraft:string":8,"lucky:lucky_potion":10,"minecraft:wooden_sword":2,"minecraft:sticky_piston":4,"minecraft:zombie_head":1,"minecraft:comparator":2,"minecraft:light_weighted_pressure_plate":1,"minecraft:beef":2,"minecraft:redstone_torch":8,"minecraft:player_head":1,"minecraft:ender_eye":3,"minecraft:quartz_stairs":42,"minecraft:piston":4,"minecraft:golden_helmet":1,"minecraft:oak_door":1,"minecraft:torch":2,"minecraft:note_block":1,"minecraft:porkchop":12,"minecraft:stone_button":2,"minecraft:redstone":37,"minecraft:prismarine_crystals":33,"minecraft:golden_chestplate":1,"minecraft:stone_pressure_plate":2,"minecraft:tnt":6,"minecraft:quartz_block":40,"minecraft:rotten_flesh":5,"minecraft:tropical_fish":1,"minecraft:saddle":2,"minecraft:gold_ingot":3,"minecraft:obsidian":16,"minecraft:white_wool":32,"minecraft:skeleton_skull":1,"minecraft:repeater":8,"minecraft:tripwire_hook":2,"minecraft:iron_door":1,"minecraft:glow_ink_sac":3,"minecraft:water_bucket":1,"minecraft:leather":2,"minecraft:golden_leggings":1,"minecraft:chiseled_quartz_block":9,"minecraft:beacon":2,"minecraft:potato":57,"minecraft:golden_boots":1,"minecraft:lapis_lazuli":4,"minecraft:magenta_terracotta":24,"minecraft:orange_terracotta":4,"minecraft:bone":2,"minecraft:oak_fence_gate":1,"minecraft:prismarine":23,"minecraft:black_terracotta":1,"minecraft:daylight_detector":1,"minecraft:oak_pressure_plate":2,"minecraft:poisonous_potato":77,"minecraft:dropper":3,"minecraft:lava_bucket":1,"minecraft:spider_eye":3,"minecraft:red_terracotta":4,"minecraft:sea_lantern":7,"minecraft:dispenser":2,"minecraft:diamond":4,"minecraft:lever":2,"minecraft:painting":9,"minecraft:golden_apple":14,"minecraft:golden_horse_armor":1,"minecraft:emerald":10,"minecraft:oak_button":2,"minecraft:baked_potato":101,"minecraft:diamond_pickaxe":1,"minecraft:hopper":4,"minecraft:ender_pearl":10},"minecraft:broken":{"minecraft:leather_helmet":1,"minecraft:leather_leggings":1,"minecraft:leather_chestplate":1,"minecraft:golden_sword":1,"minecraft:leather_boots":1},"minecraft:dropped":{"minecraft:enchanted_book":11,"minecraft:daylight_detector":1,"minecraft:piston":4,"minecraft:porkchop":12,"minecraft:lapis_lazuli":4,"minecraft:oak_pressure_plate":2,"minecraft:baked_potato":101,"minecraft:glow_ink_sac":3,"minecraft:poisonous_potato":77,"minecraft:prismarine_shard":25,"minecraft:prismarine_crystals":33,"minecraft:leather":2,"minecraft:tropical_fish":1,"minecraft:light_weighted_pressure_plate":1,"minecraft:redstone_lamp":4,"minecraft:iron_trapdoor":2,"minecraft:stone_button":2,"minecraft:dispenser":2,"minecraft:repeater":8,"minecraft:iron_door":1,"minecraft:zombie_head":1,"minecraft:wooden_sword":1,"minecraft:gold_nugget":1,"minecraft:paper":22,"minecraft:tripwire_hook":2,"minecraft:string":4,"minecraft:white_wool":32,"minecraft:bone":2,"minecraft:redstone":37,"minecraft:oak_door":1,"minecraft:note_block":1,"minecraft:lever":2,"minecraft:oak_trapdoor":2,"minecraft:chiseled_quartz_block":2,"minecraft:sticky_piston":4,"minecraft:obsidian":4,"minecraft:black_terracotta":1,"minecraft:rotten_flesh":3,"minecraft:magenta_stained_glass_pane":1,"minecraft:comparator":2,"minecraft:prismarine":23,"minecraft:red_terracotta":2,"minecraft:filled_map":1,"minecraft:oak_fence_gate":1,"minecraft:sea_lantern":7,"minecraft:oak_button":2,"minecraft:heavy_weighted_pressure_plate":1,"minecraft:orange_terracotta":4,"minecraft:skeleton_skull":1,"minecraft:dropper":3,"minecraft:hopper":4,"minecraft:quartz_block":40,"minecraft:quartz_stairs":42,"minecraft:redstone_torch":8,"minecraft:stone_pressure_plate":2,"minecraft:spider_eye":3,"minecraft:painting":1,"minecraft:beacon":1,"minecraft:beef":2,"minecraft:magenta_terracotta":15}},"DataVersion":3465}