{"stats":{"minecraft:mined":{"minecraft:quartz_stairs":1,"minecraft:quartz_block":4,"minecraft:magenta_terracotta":7,"minecraft:chiseled_quartz_block":1,"minecraft:obsidian":2,"lucky:lucky_block":2,"minecraft:white_wool":5},"minecraft:used":{"minecraft:diamond_pickaxe":20,"minecraft:magenta_terracotta":6,"minecraft:cooked_porkchop":2,"minecraft:splash_potion":1,"minecraft:obsidian":10},"minecraft:custom":{"minecraft:time_since_rest":318,"minecraft:sprint_one_cm":46893,"minecraft:damage_taken":1493,"minecraft:walk_one_cm":40720,"minecraft:drop":32,"minecraft:damage_dealt":155,"minecraft:fly_one_cm":197573,"minecraft:open_chest":2,"minecraft:play_time":16728,"minecraft:deaths":5,"minecraft:jump":441,"minecraft:time_since_death":286,"minecraft:total_world_time":16728,"minecraft:fall_one_cm":19119},"minecraft:picked_up":{"minecraft:oak_door":1,"minecraft:repeater":8,"minecraft:iron_trapdoor":2,"minecraft:iron_door":1,"minecraft:tripwire_hook":2,"minecraft:daylight_detector":1,"minecraft:redstone_lamp":4,"minecraft:chiseled_quartz_block":3,"minecraft:oak_pressure_plate":2,"minecraft:note_block":1,"minecraft:dropper":3,"minecraft:stone_button":2,"minecraft:redstone":37,"minecraft:heavy_weighted_pressure_plate":1,"minecraft:prismarine_crystals":9,"minecraft:magenta_terracotta":13,"minecraft:oak_trapdoor":2,"minecraft:stone_pressure_plate":2,"minecraft:tnt":6,"minecraft:quartz_block":6,"minecraft:sticky_piston":4,"minecraft:zombie_head":1,"minecraft:dispenser":2,"minecraft:tropical_fish":1,"minecraft:lever":2,"minecraft:comparator":2,"minecraft:light_weighted_pressure_plate":1,"minecraft:oak_fence_gate":1,"minecraft:redstone_torch":8,"minecraft:oak_button":2,"minecraft:quartz_stairs":1,"minecraft:white_wool":16,"minecraft:obsidian":16,"minecraft:piston":4,"minecraft:hopper":4,"minecraft:diamond_pickaxe":1},"minecraft:dropped":{"minecraft:oak_door":1,"minecraft:piston":4,"minecraft:note_block":1,"minecraft:daylight_detector":1,"minecraft:oak_fence_gate":1,"minecraft:redstone_lamp":4,"minecraft:oak_trapdoor":2,"minecraft:lever":2,"minecraft:oak_button":2,"minecraft:oak_pressure_plate":2,"minecraft:iron_trapdoor":2,"minecraft:stone_button":2,"minecraft:heavy_weighted_pressure_plate":1,"minecraft:chiseled_quartz_block":1,"minecraft:dispenser":2,"minecraft:dropper":3,"minecraft:repeater":8,"minecraft:hopper":4,"minecraft:sticky_piston":4,"minecraft:obsidian":4,"minecraft:iron_door":1,"minecraft:zombie_head":1,"minecraft:redstone_torch":8,"minecraft:prismarine_crystals":9,"minecraft:stone_pressure_plate":2,"minecraft:comparator":2,"minecraft:tropical_fish":1,"minecraft:tripwire_hook":2,"minecraft:magenta_terracotta":6,"minecraft:redstone":37,"minecraft:light_weighted_pressure_plate":1}},"DataVersion":3465}