{"stats":{"minecraft:killed_by":{"minecraft:endermite":1,"minecraft:player":4,"minecraft:cave_spider":1,"minecraft:rabbit":1,"minecraft:skeleton":1,"minecraft:guardian":1},"minecraft:killed":{"minecraft:witch":1,"minecraft:giant":1,"minecraft:spider":1,"minecraft:endermite":1,"minecraft:slime":1,"minecraft:guardian":1,"minecraft:skeleton_horse":1,"minecraft:pig":1,"minecraft:rabbit":1,"minecraft:zombie":1,"minecraft:mooshroom":1},"minecraft:used":{"minecraft:ender_chest":1,"minecraft:anvil":1,"minecraft:obsidian":12,"lucky:lucky_block":5,"minecraft:golden_sword":28,"minecraft:bow":8,"minecraft:magenta_terracotta":9,"lucky:lucky_potion":13,"minecraft:dropper":1,"minecraft:diamond_axe":19,"lucky:lucky_sword":13,"minecraft:golden_apple":6,"minecraft:chiseled_quartz_block":2,"minecraft:painting":15,"minecraft:diamond_pickaxe":97,"minecraft:map":1,"minecraft:red_terracotta":2,"minecraft:wooden_sword":39,"minecraft:cooked_porkchop":6,"minecraft:splash_potion":1},"minecraft:mined":{"minecraft:quartz_stairs":1,"minecraft:obsidian":2,"minecraft:sandstone":8,"minecraft:fire":1,"minecraft:gold_block":4,"minecraft:iron_bars":4,"minecraft:stone":3,"lucky:lucky_block":71,"minecraft:white_wool":5,"minecraft:quartz_block":4,"minecraft:chiseled_quartz_block":1,"minecraft:torch":2,"minecraft:nether_quartz_ore":10,"minecraft:magenta_terracotta":9,"minecraft:cobweb":3,"minecraft:netherrack":39},"minecraft:custom":{"minecraft:interact_with_anvil":7,"minecraft:mob_kills":12,"minecraft:eat_cake_slice":3,"minecraft:time_since_death":405,"minecraft:sprint_one_cm":205888,"minecraft:walk_one_cm":164107,"minecraft:drop":152,"minecraft:play_time":64728,"minecraft:deaths":32,"minecraft:sneak_time":200,"minecraft:jump":1288,"minecraft:walk_on_water_one_cm":3641,"minecraft:total_world_time":64728,"minecraft:time_since_rest":463,"minecraft:open_enderchest":7,"minecraft:damage_taken":10340,"minecraft:damage_absorbed":240,"minecraft:damage_dealt":2209,"minecraft:interact_with_beacon":1,"minecraft:fly_one_cm":383121,"minecraft:open_chest":7,"minecraft:crouch_one_cm":947,"minecraft:fall_one_cm":49278,"minecraft:horse_one_cm":71420},"minecraft:picked_up":{"minecraft:chainmail_boots":1,"minecraft:ender_chest":4,"minecraft:iron_trapdoor":2,"minecraft:anvil":1,"minecraft:prismarine_shard":25,"minecraft:redstone_lamp":4,"minecraft:cooked_rabbit":1,"minecraft:gold_block":3,"minecraft:enchanted_book":25,"minecraft:potion":3,"minecraft:heavy_weighted_pressure_plate":1,"minecraft:oak_trapdoor":2,"minecraft:string":27,"minecraft:iron_axe":1,"lucky:lucky_potion":28,"minecraft:wooden_sword":3,"minecraft:sticky_piston":4,"minecraft:pufferfish":1,"minecraft:zombie_head":1,"lucky:lucky_sword":1,"minecraft:comparator":2,"minecraft:bucket":1,"minecraft:light_weighted_pressure_plate":1,"minecraft:beef":2,"minecraft:redstone_torch":8,"minecraft:player_head":2,"minecraft:ender_eye":3,"minecraft:iron_pickaxe":1,"minecraft:enchanted_golden_apple":3,"minecraft:quartz_stairs":52,"minecraft:piston":4,"minecraft:golden_helmet":1,"minecraft:stick":2,"minecraft:sandstone":7,"minecraft:oak_door":1,"minecraft:torch":2,"minecraft:note_block":1,"minecraft:porkchop":15,"minecraft:cake":1,"minecraft:stone_button":2,"minecraft:redstone":37,"minecraft:prismarine_crystals":37,"minecraft:golden_chestplate":1,"minecraft:stone_pressure_plate":2,"minecraft:tnt":9,"minecraft:quartz_block":59,"minecraft:rotten_flesh":9,"minecraft:tropical_fish":1,"minecraft:yellow_terracotta":4,"minecraft:saddle":2,"minecraft:gold_ingot":5,"minecraft:mutton":2,"minecraft:obsidian":16,"minecraft:white_wool":32,"minecraft:skeleton_skull":1,"minecraft:cobblestone":12,"minecraft:leather_chestplate":1,"minecraft:repeater":8,"minecraft:tripwire_hook":2,"minecraft:iron_door":1,"minecraft:glow_ink_sac":3,"minecraft:water_bucket":3,"minecraft:leather":2,"minecraft:golden_leggings":1,"minecraft:chiseled_quartz_block":12,"minecraft:beacon":2,"minecraft:potato":57,"minecraft:golden_boots":1,"lucky:lucky_block":5,"minecraft:lapis_lazuli":4,"minecraft:magenta_terracotta":28,"lucky:lucky_bow":1,"minecraft:orange_terracotta":4,"minecraft:bone":2,"minecraft:bow":1,"minecraft:rabbit_hide":2,"minecraft:oak_fence_gate":1,"minecraft:rabbit":3,"minecraft:glowstone_dust":2,"minecraft:prismarine":23,"minecraft:milk_bucket":1,"minecraft:black_terracotta":4,"minecraft:cooked_porkchop":6,"minecraft:pumpkin":26,"minecraft:daylight_detector":1,"minecraft:quartz":18,"minecraft:oak_pressure_plate":2,"minecraft:poisonous_potato":77,"minecraft:dropper":6,"minecraft:lava_bucket":3,"minecraft:spider_eye":3,"minecraft:red_terracotta":4,"minecraft:sea_lantern":7,"minecraft:leather_helmet":1,"minecraft:iron_hoe":1,"minecraft:sugar":3,"minecraft:dispenser":2,"minecraft:slime_ball":1,"minecraft:diamond":26,"minecraft:lever":2,"minecraft:diamond_axe":1,"minecraft:painting":12,"minecraft:golden_apple":21,"minecraft:golden_horse_armor":1,"minecraft:emerald":14,"minecraft:oak_button":2,"minecraft:baked_potato":101,"minecraft:jack_o_lantern":8,"minecraft:netherrack":36,"minecraft:diamond_pickaxe":1,"minecraft:hopper":4,"minecraft:ender_pearl":10},"minecraft:broken":{"minecraft:leather_helmet":1,"minecraft:golden_helmet":1,"minecraft:leather_leggings":1,"minecraft:leather_chestplate":1,"minecraft:golden_sword":1,"minecraft:leather_boots":1},"minecraft:dropped":{"minecraft:enchanted_book":16,"minecraft:daylight_detector":1,"minecraft:piston":4,"minecraft:porkchop":15,"minecraft:lapis_lazuli":4,"minecraft:oak_pressure_plate":2,"minecraft:baked_potato":101,"minecraft:glow_ink_sac":3,"minecraft:golden_horse_armor":1,"minecraft:poisonous_potato":77,"minecraft:prismarine_shard":25,"minecraft:cobblestone":12,"minecraft:yellow_terracotta":4,"minecraft:prismarine_crystals":35,"lucky:lucky_potion":6,"minecraft:leather":2,"minecraft:saddle":1,"minecraft:tropical_fish":1,"minecraft:leather_helmet":1,"minecraft:stick":1,"minecraft:emerald":10,"minecraft:light_weighted_pressure_plate":1,"minecraft:pufferfish":1,"minecraft:gold_block":3,"minecraft:lava_bucket":2,"minecraft:redstone_lamp":4,"minecraft:iron_trapdoor":2,"minecraft:stone_button":2,"minecraft:torch":2,"minecraft:dispenser":2,"minecraft:mutton":2,"minecraft:repeater":8,"minecraft:rabbit":3,"minecraft:jack_o_lantern":8,"minecraft:iron_door":1,"minecraft:zombie_head":1,"lucky:lucky_bow":1,"minecraft:wooden_sword":3,"minecraft:gold_nugget":1,"minecraft:pumpkin":26,"minecraft:iron_axe":1,"minecraft:iron_pickaxe":1,"minecraft:paper":22,"minecraft:tripwire_hook":2,"minecraft:string":27,"minecraft:bucket":1,"minecraft:white_wool":32,"minecraft:gold_ingot":5,"minecraft:bone":2,"minecraft:redstone":37,"minecraft:oak_door":1,"minecraft:note_block":1,"minecraft:lever":2,"minecraft:oak_trapdoor":2,"minecraft:player_head":2,"minecraft:chiseled_quartz_block":10,"minecraft:sticky_piston":4,"minecraft:obsidian":4,"minecraft:black_terracotta":4,"minecraft:rotten_flesh":9,"minecraft:magenta_stained_glass_pane":1,"minecraft:iron_hoe":1,"minecraft:comparator":2,"minecraft:prismarine":23,"minecraft:red_terracotta":2,"minecraft:filled_map":1,"minecraft:rabbit_hide":2,"minecraft:oak_fence_gate":1,"minecraft:leather_chestplate":1,"minecraft:sea_lantern":7,"minecraft:oak_button":2,"minecraft:heavy_weighted_pressure_plate":1,"minecraft:orange_terracotta":4,"minecraft:skeleton_skull":1,"minecraft:dropper":5,"minecraft:hopper":4,"minecraft:quartz_block":48,"minecraft:quartz_stairs":43,"minecraft:chainmail_boots":1,"minecraft:redstone_torch":8,"minecraft:stone_pressure_plate":2,"minecraft:spider_eye":3,"minecraft:painting":1,"minecraft:sandstone":7,"minecraft:slime_ball":1,"minecraft:beacon":2,"minecraft:beef":2,"minecraft:quartz":18,"lucky:lucky_sword":1,"minecraft:cooked_rabbit":1,"minecraft:netherrack":36,"minecraft:magenta_terracotta":15}},"DataVersion":3465}