{"stats":{"minecraft:crafted":{"minecraft:diamond":9,"minecraft:diamond_leggings":1},"minecraft:killed_by":{"minecraft:endermite":1,"minecraft:player":4,"minecraft:cave_spider":1,"minecraft:rabbit":1,"minecraft:skeleton":1,"minecraft:guardian":1},"minecraft:killed":{"minecraft:witch":1,"minecraft:giant":1,"minecraft:spider":1,"minecraft:endermite":1,"minecraft:slime":1,"minecraft:guardian":1,"minecraft:skeleton_horse":1,"minecraft:pig":1,"minecraft:rabbit":1,"minecraft:creeper":1,"minecraft:sheep":1,"minecraft:zombie":2,"minecraft:mooshroom":1},"minecraft:mined":{"minecraft:quartz_stairs":1,"minecraft:obsidian":2,"minecraft:sandstone":8,"minecraft:fire":1,"minecraft:diamond_block":1,"minecraft:gold_block":4,"minecraft:iron_bars":4,"minecraft:iron_block":1,"minecraft:stone":3,"lucky:lucky_block":102,"minecraft:white_wool":5,"minecraft:quartz_block":4,"minecraft:chiseled_quartz_block":1,"minecraft:torch":2,"minecraft:nether_quartz_ore":10,"minecraft:magenta_terracotta":9,"minecraft:cobweb":3,"minecraft:netherrack":39},"minecraft:used":{"minecraft:armor_stand":1,"minecraft:ender_chest":1,"minecraft:iron_sword":23,"minecraft:anvil":1,"minecraft:obsidian":12,"lucky:lucky_block":5,"minecraft:golden_sword":28,"minecraft:bow":21,"minecraft:magenta_terracotta":9,"lucky:lucky_potion":16,"minecraft:dropper":1,"minecraft:diamond_axe":20,"lucky:lucky_sword":13,"minecraft:golden_apple":9,"minecraft:chiseled_quartz_block":2,"minecraft:painting":15,"minecraft:diamond_pickaxe":100,"minecraft:map":1,"minecraft:red_terracotta":2,"minecraft:diamond_sword":1,"minecraft:wooden_sword":39,"minecraft:cooked_porkchop":6,"minecraft:splash_potion":2},"minecraft:custom":{"minecraft:interact_with_anvil":11,"minecraft:mob_kills":15,"minecraft:eat_cake_slice":3,"minecraft:time_since_death":7474,"minecraft:sprint_one_cm":229125,"minecraft:walk_one_cm":188260,"minecraft:drop":195,"minecraft:talked_to_villager":6,"minecraft:play_time":76728,"minecraft:deaths":33,"minecraft:sneak_time":213,"minecraft:jump":1413,"minecraft:walk_on_water_one_cm":3641,"minecraft:total_world_time":76728,"minecraft:traded_with_villager":1,"minecraft:time_since_rest":7513,"minecraft:open_enderchest":8,"minecraft:damage_taken":11086,"minecraft:damage_absorbed":318,"minecraft:damage_dealt":2444,"minecraft:interact_with_beacon":1,"minecraft:fly_one_cm":413557,"minecraft:open_chest":9,"minecraft:crouch_one_cm":1024,"minecraft:fall_one_cm":52549,"minecraft:horse_one_cm":71420},"minecraft:picked_up":{"minecraft:splash_potion":4,"minecraft:azure_bluet":8,"minecraft:leather_leggings":2,"minecraft:chainmail_boots":1,"minecraft:ender_chest":4,"minecraft:iron_trapdoor":2,"minecraft:anvil":1,"minecraft:prismarine_shard":25,"minecraft:redstone_lamp":4,"minecraft:diamond_sword":1,"minecraft:cooked_rabbit":1,"minecraft:gold_block":3,"minecraft:enchanted_book":26,"minecraft:potion":4,"minecraft:heavy_weighted_pressure_plate":1,"minecraft:oak_trapdoor":2,"minecraft:string":31,"minecraft:iron_axe":1,"lucky:lucky_potion":28,"minecraft:wooden_sword":3,"minecraft:armor_stand":1,"minecraft:sticky_piston":4,"minecraft:pufferfish":1,"minecraft:zombie_head":1,"minecraft:blue_orchid":9,"lucky:lucky_sword":1,"minecraft:comparator":2,"minecraft:bucket":2,"minecraft:light_weighted_pressure_plate":1,"minecraft:beef":2,"minecraft:redstone_torch":8,"minecraft:player_head":3,"minecraft:ender_eye":13,"minecraft:poppy":11,"minecraft:iron_pickaxe":1,"minecraft:enchanted_golden_apple":6,"minecraft:quartz_stairs":73,"minecraft:piston":4,"minecraft:golden_helmet":1,"minecraft:stick":2,"minecraft:sandstone":7,"minecraft:oak_door":1,"minecraft:torch":2,"minecraft:note_block":1,"minecraft:porkchop":15,"minecraft:cake":1,"minecraft:stone_button":2,"minecraft:redstone":39,"minecraft:prismarine_crystals":37,"minecraft:golden_chestplate":1,"minecraft:stone_pressure_plate":2,"minecraft:tnt":15,"minecraft:quartz_block":61,"minecraft:stone_sword":1,"minecraft:stone_shovel":1,"minecraft:rotten_flesh":11,"minecraft:tropical_fish":1,"minecraft:diamond_boots":3,"minecraft:yellow_terracotta":4,"minecraft:saddle":2,"minecraft:gold_ingot":36,"minecraft:mutton":2,"minecraft:obsidian":16,"minecraft:white_wool":34,"minecraft:skeleton_skull":1,"minecraft:cobblestone":12,"minecraft:oxeye_daisy":9,"minecraft:sponge":1,"minecraft:leather_chestplate":2,"minecraft:repeater":8,"minecraft:tripwire_hook":2,"minecraft:iron_door":1,"minecraft:glow_ink_sac":3,"minecraft:water_bucket":3,"minecraft:leather":2,"minecraft:golden_leggings":1,"minecraft:chiseled_quartz_block":12,"minecraft:beacon":2,"minecraft:potato":121,"minecraft:golden_boots":1,"lucky:lucky_block":5,"minecraft:lapis_lazuli":4,"minecraft:magenta_terracotta":28,"lucky:lucky_bow":1,"minecraft:leather_boots":2,"minecraft:cooked_mutton":1,"minecraft:orange_terracotta":4,"minecraft:bone":2,"minecraft:bow":1,"minecraft:rabbit_hide":2,"minecraft:oak_fence_gate":1,"minecraft:stone_pickaxe":1,"minecraft:diamond_helmet":2,"minecraft:rabbit":3,"minecraft:glowstone_dust":2,"minecraft:prismarine":23,"minecraft:milk_bucket":1,"minecraft:black_terracotta":4,"minecraft:cooked_porkchop":6,"minecraft:pumpkin":26,"minecraft:daylight_detector":1,"minecraft:quartz":18,"minecraft:oak_pressure_plate":2,"minecraft:poisonous_potato":77,"minecraft:dropper":6,"minecraft:lava_bucket":3,"minecraft:diamond_block":1,"minecraft:spider_eye":3,"minecraft:red_terracotta":4,"minecraft:sea_lantern":7,"minecraft:leather_helmet":1,"minecraft:iron_hoe":1,"minecraft:sugar":3,"minecraft:dispenser":2,"minecraft:slime_ball":1,"minecraft:diamond":26,"minecraft:stone_axe":1,"minecraft:lever":2,"minecraft:diamond_axe":1,"minecraft:painting":13,"minecraft:golden_apple":27,"minecraft:golden_horse_armor":1,"minecraft:emerald":19,"minecraft:oak_button":2,"minecraft:baked_potato":101,"minecraft:jack_o_lantern":8,"minecraft:netherrack":36,"minecraft:diamond_pickaxe":1,"minecraft:hopper":4,"minecraft:ender_pearl":30},"minecraft:broken":{"minecraft:leather_helmet":1,"minecraft:golden_helmet":1,"minecraft:golden_boots":1,"minecraft:leather_leggings":1,"minecraft:leather_chestplate":1,"minecraft:golden_leggings":1,"minecraft:golden_sword":1,"minecraft:leather_boots":1,"minecraft:golden_chestplate":1},"minecraft:dropped":{"minecraft:water_bucket":2,"minecraft:enchanted_book":18,"minecraft:daylight_detector":1,"minecraft:piston":4,"minecraft:porkchop":15,"minecraft:diamond_axe":1,"minecraft:lapis_lazuli":4,"minecraft:oak_pressure_plate":2,"minecraft:baked_potato":101,"minecraft:glow_ink_sac":3,"minecraft:golden_horse_armor":1,"minecraft:poisonous_potato":77,"minecraft:prismarine_shard":25,"minecraft:cobblestone":12,"minecraft:yellow_terracotta":4,"minecraft:prismarine_crystals":37,"minecraft:apple":3,"lucky:lucky_potion":6,"minecraft:leather":2,"minecraft:saddle":1,"minecraft:tropical_fish":1,"minecraft:leather_helmet":1,"minecraft:stick":2,"minecraft:emerald":19,"minecraft:light_weighted_pressure_plate":1,"minecraft:pufferfish":1,"minecraft:gold_block":3,"minecraft:oxeye_daisy":9,"minecraft:lava_bucket":2,"minecraft:redstone_lamp":4,"minecraft:milk_bucket":1,"minecraft:iron_trapdoor":2,"minecraft:stone_button":2,"minecraft:torch":2,"minecraft:dispenser":2,"minecraft:mutton":2,"minecraft:repeater":8,"minecraft:rabbit":3,"minecraft:diamond_helmet":1,"minecraft:jack_o_lantern":8,"minecraft:iron_door":1,"minecraft:zombie_head":1,"minecraft:potion":1,"lucky:lucky_bow":1,"minecraft:wooden_sword":3,"minecraft:gold_nugget":1,"minecraft:pumpkin":26,"minecraft:iron_axe":1,"minecraft:sugar":3,"minecraft:iron_pickaxe":1,"minecraft:paper":22,"minecraft:tripwire_hook":2,"minecraft:string":31,"minecraft:bucket":2,"minecraft:white_wool":34,"minecraft:gold_ingot":7,"minecraft:bone":2,"minecraft:redstone":39,"minecraft:oak_door":1,"minecraft:note_block":1,"minecraft:stone_axe":1,"minecraft:lever":2,"minecraft:oak_trapdoor":2,"minecraft:player_head":3,"minecraft:chiseled_quartz_block":10,"minecraft:sticky_piston":4,"minecraft:obsidian":4,"minecraft:stone_shovel":1,"minecraft:black_terracotta":4,"minecraft:rotten_flesh":11,"minecraft:magenta_stained_glass_pane":1,"minecraft:iron_hoe":1,"minecraft:comparator":2,"minecraft:glowstone_dust":2,"minecraft:prismarine":23,"minecraft:cooked_mutton":1,"minecraft:azure_bluet":8,"minecraft:red_terracotta":2,"minecraft:poppy":11,"minecraft:filled_map":1,"minecraft:potato":64,"minecraft:rabbit_hide":2,"minecraft:oak_fence_gate":1,"minecraft:leather_chestplate":2,"minecraft:sea_lantern":7,"minecraft:oak_button":2,"minecraft:heavy_weighted_pressure_plate":1,"minecraft:orange_terracotta":4,"minecraft:skeleton_skull":1,"minecraft:dropper":5,"minecraft:cake":1,"minecraft:hopper":4,"minecraft:quartz_block":59,"minecraft:quartz_stairs":65,"minecraft:leather_boots":2,"minecraft:chainmail_boots":1,"minecraft:leather_leggings":2,"minecraft:redstone_torch":8,"minecraft:stone_pressure_plate":2,"minecraft:spider_eye":3,"minecraft:diamond_boots":2,"minecraft:painting":2,"minecraft:sandstone":7,"minecraft:slime_ball":1,"minecraft:beacon":2,"minecraft:blue_orchid":9,"minecraft:stone_pickaxe":1,"minecraft:beef":2,"minecraft:quartz":18,"lucky:lucky_sword":1,"minecraft:cooked_rabbit":1,"minecraft:netherrack":36,"minecraft:magenta_terracotta":19}},"DataVersion":3465}