{"stats":{"minecraft:killed_by":{"minecraft:player":1,"minecraft:cave_spider":1,"minecraft:skeleton":1},"minecraft:killed":{"minecraft:pig":1,"minecraft:skeleton_horse":1},"minecraft:used":{"minecraft:golden_apple":1,"minecraft:chiseled_quartz_block":2,"minecraft:obsidian":12,"minecraft:diamond_pickaxe":22,"minecraft:red_terracotta":2,"minecraft:golden_sword":28,"minecraft:magenta_terracotta":9,"minecraft:cooked_porkchop":4,"minecraft:splash_potion":1},"minecraft:mined":{"minecraft:quartz_block":4,"minecraft:quartz_stairs":1,"minecraft:chiseled_quartz_block":1,"minecraft:obsidian":2,"minecraft:magenta_terracotta":9,"lucky:lucky_block":20,"minecraft:white_wool":5},"minecraft:custom":{"minecraft:mob_kills":2,"minecraft:time_since_death":0,"minecraft:time_since_rest":836,"minecraft:sprint_one_cm":88683,"minecraft:damage_absorbed":40,"minecraft:damage_taken":4993,"minecraft:walk_one_cm":78317,"minecraft:drop":55,"minecraft:damage_dealt":666,"minecraft:interact_with_beacon":1,"minecraft:fly_one_cm":250639,"minecraft:open_chest":4,"minecraft:crouch_one_cm":458,"minecraft:play_time":28728,"minecraft:deaths":17,"minecraft:sneak_time":90,"minecraft:jump":712,"minecraft:walk_on_water_one_cm":27,"minecraft:total_world_time":28728,"minecraft:fall_one_cm":32359},"minecraft:picked_up":{"minecraft:water_bucket":1,"minecraft:prismarine_shard":23,"minecraft:repeater":8,"minecraft:iron_trapdoor":2,"minecraft:iron_door":1,"minecraft:tripwire_hook":2,"minecraft:redstone_lamp":4,"minecraft:beacon":1,"minecraft:chiseled_quartz_block":3,"minecraft:potato":57,"minecraft:potion":2,"minecraft:enchanted_book":18,"minecraft:heavy_weighted_pressure_plate":1,"minecraft:string":3,"minecraft:magenta_terracotta":24,"minecraft:oak_trapdoor":2,"minecraft:wooden_sword":1,"minecraft:orange_terracotta":4,"minecraft:sticky_piston":4,"minecraft:bone":2,"minecraft:zombie_head":1,"minecraft:comparator":2,"minecraft:light_weighted_pressure_plate":1,"minecraft:oak_fence_gate":1,"minecraft:redstone_torch":8,"minecraft:ender_eye":3,"minecraft:quartz_stairs":42,"minecraft:prismarine":23,"minecraft:piston":4,"minecraft:black_terracotta":1,"minecraft:oak_door":1,"minecraft:daylight_detector":1,"minecraft:lava_bucket":1,"minecraft:poisonous_potato":50,"minecraft:oak_pressure_plate":2,"minecraft:porkchop":9,"minecraft:note_block":1,"minecraft:dropper":3,"minecraft:stone_button":2,"minecraft:redstone":37,"minecraft:sea_lantern":7,"minecraft:red_terracotta":4,"minecraft:spider_eye":3,"minecraft:prismarine_crystals":32,"minecraft:stone_pressure_plate":2,"minecraft:tnt":6,"minecraft:quartz_block":40,"minecraft:dispenser":2,"minecraft:tropical_fish":1,"minecraft:lever":2,"minecraft:painting":4,"minecraft:oak_button":2,"minecraft:baked_potato":101,"minecraft:hopper":4,"minecraft:obsidian":16,"minecraft:white_wool":32,"minecraft:ender_pearl":10,"minecraft:diamond_pickaxe":1},"minecraft:broken":{"minecraft:leather_helmet":1,"minecraft:golden_sword":1},"minecraft:dropped":{"minecraft:oak_door":1,"minecraft:note_block":1,"minecraft:daylight_detector":1,"minecraft:piston":4,"minecraft:lever":2,"minecraft:oak_trapdoor":2,"minecraft:oak_pressure_plate":2,"minecraft:baked_potato":47,"minecraft:chiseled_quartz_block":1,"minecraft:sticky_piston":4,"minecraft:obsidian":4,"minecraft:poisonous_potato":23,"minecraft:prismarine_shard":23,"minecraft:black_terracotta":1,"minecraft:prismarine_crystals":32,"minecraft:magenta_stained_glass_pane":1,"minecraft:comparator":2,"minecraft:prismarine":23,"minecraft:tropical_fish":1,"minecraft:red_terracotta":2,"minecraft:light_weighted_pressure_plate":1,"minecraft:sea_lantern":7,"minecraft:oak_fence_gate":1,"minecraft:redstone_lamp":4,"minecraft:oak_button":2,"minecraft:iron_trapdoor":2,"minecraft:stone_button":2,"minecraft:heavy_weighted_pressure_plate":1,"minecraft:dispenser":2,"minecraft:orange_terracotta":4,"minecraft:dropper":3,"minecraft:repeater":8,"minecraft:quartz_block":40,"minecraft:quartz_stairs":42,"minecraft:hopper":4,"minecraft:iron_door":1,"minecraft:zombie_head":1,"minecraft:spider_eye":3,"minecraft:redstone_torch":8,"minecraft:stone_pressure_plate":2,"minecraft:wooden_sword":1,"minecraft:string":3,"minecraft:tripwire_hook":2,"minecraft:white_wool":32,"minecraft:bone":2,"minecraft:redstone":37,"minecraft:magenta_terracotta":15}},"DataVersion":3465}