{"stats":{"minecraft:killed_by":{"minecraft:endermite":1,"minecraft:player":3,"minecraft:cave_spider":1,"minecraft:rabbit":1,"minecraft:skeleton":1,"minecraft:guardian":1},"minecraft:killed":{"minecraft:giant":1,"minecraft:spider":1,"minecraft:endermite":1,"minecraft:slime":1,"minecraft:guardian":1,"minecraft:skeleton_horse":1,"minecraft:pig":1,"minecraft:zombie":1,"minecraft:mooshroom":1},"minecraft:used":{"minecraft:ender_chest":1,"minecraft:anvil":1,"minecraft:obsidian":12,"minecraft:golden_sword":28,"minecraft:bow":6,"minecraft:magenta_terracotta":9,"lucky:lucky_potion":8,"minecraft:diamond_axe":10,"lucky:lucky_sword":13,"minecraft:golden_apple":3,"minecraft:chiseled_quartz_block":2,"minecraft:painting":12,"minecraft:diamond_pickaxe":30,"minecraft:map":1,"minecraft:red_terracotta":2,"minecraft:wooden_sword":39,"minecraft:cooked_porkchop":6,"minecraft:splash_potion":1},"minecraft:mined":{"minecraft:quartz_stairs":1,"minecraft:obsidian":2,"minecraft:fire":1,"minecraft:iron_bars":4,"lucky:lucky_block":48,"minecraft:white_wool":5,"minecraft:quartz_block":4,"minecraft:chiseled_quartz_block":1,"minecraft:torch":2,"minecraft:magenta_terracotta":9,"minecraft:cobweb":3},"minecraft:custom":{"minecraft:interact_with_anvil":5,"minecraft:mob_kills":10,"minecraft:time_since_death":3805,"minecraft:sprint_one_cm":162187,"minecraft:walk_one_cm":134207,"minecraft:drop":115,"minecraft:play_time":52728,"minecraft:deaths":28,"minecraft:sneak_time":108,"minecraft:jump":1066,"minecraft:walk_on_water_one_cm":584,"minecraft:total_world_time":52728,"minecraft:time_since_rest":3832,"minecraft:open_enderchest":7,"minecraft:damage_taken":8492,"minecraft:damage_absorbed":200,"minecraft:damage_dealt":1950,"minecraft:interact_with_beacon":1,"minecraft:fly_one_cm":327363,"minecraft:open_chest":6,"minecraft:crouch_one_cm":462,"minecraft:fall_one_cm":43318,"minecraft:horse_one_cm":71420},"minecraft:picked_up":{"minecraft:ender_chest":4,"minecraft:iron_trapdoor":2,"minecraft:anvil":1,"minecraft:prismarine_shard":25,"minecraft:redstone_lamp":4,"minecraft:enchanted_book":18,"minecraft:potion":2,"minecraft:heavy_weighted_pressure_plate":1,"minecraft:oak_trapdoor":2,"minecraft:string":27,"lucky:lucky_potion":28,"minecraft:wooden_sword":2,"minecraft:sticky_piston":4,"minecraft:pufferfish":1,"minecraft:zombie_head":1,"lucky:lucky_sword":1,"minecraft:comparator":2,"minecraft:bucket":1,"minecraft:light_weighted_pressure_plate":1,"minecraft:beef":2,"minecraft:redstone_torch":8,"minecraft:player_head":2,"minecraft:ender_eye":3,"minecraft:enchanted_golden_apple":1,"minecraft:quartz_stairs":43,"minecraft:piston":4,"minecraft:golden_helmet":1,"minecraft:oak_door":1,"minecraft:torch":2,"minecraft:note_block":1,"minecraft:porkchop":12,"minecraft:stone_button":2,"minecraft:redstone":37,"minecraft:prismarine_crystals":33,"minecraft:golden_chestplate":1,"minecraft:stone_pressure_plate":2,"minecraft:tnt":9,"minecraft:quartz_block":46,"minecraft:rotten_flesh":8,"minecraft:tropical_fish":1,"minecraft:yellow_terracotta":4,"minecraft:saddle":2,"minecraft:gold_ingot":3,"minecraft:mutton":2,"minecraft:obsidian":16,"minecraft:white_wool":32,"minecraft:skeleton_skull":1,"minecraft:cobblestone":8,"minecraft:leather_chestplate":1,"minecraft:repeater":8,"minecraft:tripwire_hook":2,"minecraft:iron_door":1,"minecraft:glow_ink_sac":3,"minecraft:water_bucket":2,"minecraft:leather":2,"minecraft:golden_leggings":1,"minecraft:chiseled_quartz_block":12,"minecraft:beacon":2,"minecraft:potato":57,"minecraft:golden_boots":1,"minecraft:lapis_lazuli":4,"minecraft:magenta_terracotta":24,"lucky:lucky_bow":1,"minecraft:orange_terracotta":4,"minecraft:bone":2,"minecraft:bow":1,"minecraft:oak_fence_gate":1,"minecraft:prismarine":23,"minecraft:milk_bucket":1,"minecraft:black_terracotta":4,"minecraft:pumpkin":13,"minecraft:daylight_detector":1,"minecraft:oak_pressure_plate":2,"minecraft:poisonous_potato":77,"minecraft:dropper":3,"minecraft:lava_bucket":2,"minecraft:spider_eye":3,"minecraft:red_terracotta":4,"minecraft:sea_lantern":7,"minecraft:leather_helmet":1,"minecraft:dispenser":2,"minecraft:slime_ball":1,"minecraft:diamond":26,"minecraft:lever":2,"minecraft:diamond_axe":1,"minecraft:painting":9,"minecraft:golden_apple":17,"minecraft:golden_horse_armor":1,"minecraft:emerald":10,"minecraft:oak_button":2,"minecraft:baked_potato":101,"minecraft:jack_o_lantern":8,"minecraft:diamond_pickaxe":1,"minecraft:hopper":4,"minecraft:ender_pearl":10},"minecraft:broken":{"minecraft:leather_helmet":1,"minecraft:leather_leggings":1,"minecraft:leather_chestplate":1,"minecraft:golden_sword":1,"minecraft:leather_boots":1},"minecraft:dropped":{"minecraft:enchanted_book":11,"minecraft:daylight_detector":1,"minecraft:piston":4,"minecraft:porkchop":12,"minecraft:lapis_lazuli":4,"minecraft:oak_pressure_plate":2,"minecraft:baked_potato":101,"minecraft:glow_ink_sac":3,"minecraft:golden_horse_armor":1,"minecraft:poisonous_potato":77,"minecraft:prismarine_shard":25,"minecraft:cobblestone":8,"minecraft:yellow_terracotta":4,"minecraft:prismarine_crystals":33,"lucky:lucky_potion":6,"minecraft:leather":2,"minecraft:tropical_fish":1,"minecraft:leather_helmet":1,"minecraft:emerald":10,"minecraft:light_weighted_pressure_plate":1,"minecraft:pufferfish":1,"minecraft:lava_bucket":1,"minecraft:redstone_lamp":4,"minecraft:iron_trapdoor":2,"minecraft:stone_button":2,"minecraft:torch":2,"minecraft:dispenser":2,"minecraft:mutton":2,"minecraft:repeater":8,"minecraft:iron_door":1,"minecraft:zombie_head":1,"minecraft:wooden_sword":2,"minecraft:gold_nugget":1,"minecraft:paper":22,"minecraft:tripwire_hook":2,"minecraft:string":27,"minecraft:bucket":1,"minecraft:white_wool":32,"minecraft:gold_ingot":3,"minecraft:bone":2,"minecraft:redstone":37,"minecraft:oak_door":1,"minecraft:note_block":1,"minecraft:lever":2,"minecraft:oak_trapdoor":2,"minecraft:player_head":2,"minecraft:chiseled_quartz_block":10,"minecraft:sticky_piston":4,"minecraft:obsidian":4,"minecraft:black_terracotta":4,"minecraft:rotten_flesh":7,"minecraft:magenta_stained_glass_pane":1,"minecraft:comparator":2,"minecraft:prismarine":23,"minecraft:red_terracotta":2,"minecraft:filled_map":1,"minecraft:oak_fence_gate":1,"minecraft:leather_chestplate":1,"minecraft:sea_lantern":7,"minecraft:oak_button":2,"minecraft:heavy_weighted_pressure_plate":1,"minecraft:orange_terracotta":4,"minecraft:skeleton_skull":1,"minecraft:dropper":3,"minecraft:hopper":4,"minecraft:quartz_block":46,"minecraft:quartz_stairs":43,"minecraft:redstone_torch":8,"minecraft:stone_pressure_plate":2,"minecraft:spider_eye":3,"minecraft:painting":1,"minecraft:slime_ball":1,"minecraft:beacon":2,"minecraft:beef":2,"lucky:lucky_sword":1,"minecraft:magenta_terracotta":15}},"DataVersion":3465}