{"stat.useItem.minecraft.command_block":4,"stat.walkOneCm":44292,"stat.useItem.minecraft.quartz_block":29,"achievement.openInventory":31,"stat.leaveGame":6,"stat.useItem.minecraft.sponge":14,"stat.damageTaken":720,"stat.useItem.minecraft.stone_pressure_plate":2,"stat.flyOneCm":200437,"stat.deaths":13,"stat.jump":48,"stat.playOneMinute":34193,"stat.useItem.minecraft.sea_lantern":1,"stat.crouchOneCm":1858,"stat.timeSinceDeath":621,"stat.useItem.minecraft.stained_hardened_clay":18,"stat.useItem.minecraft.stone_button":1,"stat.sprintOneCm":6253,"stat.useItem.minecraft.sign":5,"achievement.exploreAllBiomes":{"value":0,"progress":["Plains"]}}