{"stats":{"minecraft:crafted":{"minecraft:diamond_axe":1,"minecraft:iron_ingot":9},"minecraft:killed_by":{"minecraft:player":1},"minecraft:killed":{"minecraft:giant":1,"minecraft:spider":5,"minecraft:rabbit":3,"minecraft:creeper":1,"minecraft:squid":1,"minecraft:skeleton":3,"minecraft:guardian":2,"minecraft:zombie":3,"minecraft:llama":1,"minecraft:ghast":1,"minecraft:silverfish":2,"minecraft:skeleton_horse":3},"minecraft:mined":{"minecraft:frosted_ice":1,"minecraft:cobweb":3,"lucky:lucky_block":30},"minecraft:used":{"minecraft:water_bucket":7,"minecraft:blue_terracotta":2,"minecraft:light_blue_glazed_terracotta":1,"minecraft:ender_pearl":1,"minecraft:diamond_axe":41,"minecraft:sheep_spawn_egg":1,"minecraft:horse_spawn_egg":1,"minecraft:golden_apple":1,"minecraft:orange_glazed_terracotta":1,"minecraft:allay_spawn_egg":1,"minecraft:frog_spawn_egg":1,"lucky:lucky_block":1,"minecraft:panda_spawn_egg":1,"minecraft:quartz_block":21,"minecraft:golden_sword":14,"minecraft:bow":12,"minecraft:cobblestone":2,"minecraft:wolf_spawn_egg":1,"minecraft:yellow_glazed_terracotta":1,"minecraft:cooked_porkchop":11,"minecraft:cooked_rabbit":1,"minecraft:bucket":7,"lucky:lucky_potion":6,"minecraft:orange_terracotta":13,"minecraft:lime_glazed_terracotta":1},"minecraft:custom":{"minecraft:mob_kills":27,"minecraft:traded_with_villager":1,"minecraft:time_since_death":12941,"minecraft:time_since_rest":12969,"minecraft:walk_one_cm":98253,"minecraft:sprint_one_cm":60580,"minecraft:damage_taken":2202,"minecraft:damage_absorbed":39,"minecraft:drop":96,"minecraft:damage_dealt":4090,"minecraft:talked_to_villager":4,"minecraft:fly_one_cm":74232,"minecraft:player_kills":3,"minecraft:open_chest":3,"minecraft:walk_under_water_one_cm":156,"minecraft:crouch_one_cm":675,"minecraft:play_time":30769,"minecraft:deaths":3,"minecraft:sneak_time":339,"minecraft:jump":530,"minecraft:enchant_item":1,"minecraft:walk_on_water_one_cm":1122,"minecraft:total_world_time":30769,"minecraft:fall_one_cm":25233},"minecraft:picked_up":{"minecraft:enchanting_table":1,"minecraft:rabbit_stew":3,"minecraft:water_bucket":1,"minecraft:salmon":2,"minecraft:brown_wool":1,"minecraft:chiseled_quartz_block":14,"minecraft:potato":34,"minecraft:cooked_rabbit":4,"minecraft:enchanted_book":8,"minecraft:mushroom_stew":1,"minecraft:yellow_glazed_terracotta":1,"lucky:lucky_block":1,"minecraft:golden_sword":1,"minecraft:lapis_lazuli":44,"lucky:lucky_potion":11,"minecraft:string":2,"lucky:lucky_bow":1,"minecraft:orange_terracotta":13,"minecraft:leather_boots":1,"minecraft:orange_glazed_terracotta":1,"minecraft:bone":4,"minecraft:oak_sign":1,"minecraft:bow":2,"minecraft:bucket":3,"minecraft:rabbit_hide":1,"minecraft:iron_ingot":1,"minecraft:beef":2,"minecraft:ender_eye":7,"minecraft:rabbit":1,"minecraft:diamond_helmet":1,"minecraft:quartz_stairs":22,"minecraft:diamond_hoe":1,"minecraft:lime_glazed_terracotta":1,"minecraft:black_terracotta":17,"minecraft:milk_bucket":2,"minecraft:sheep_spawn_egg":1,"minecraft:cooked_porkchop":18,"minecraft:pumpkin":5,"minecraft:light_blue_glazed_terracotta":1,"minecraft:lava_bucket":1,"minecraft:dropper":8,"minecraft:porkchop":1,"minecraft:cake":1,"minecraft:cookie":1,"minecraft:frog_spawn_egg":1,"minecraft:baked_potato":1,"minecraft:ink_sac":3,"minecraft:carrot":3,"minecraft:spider_eye":2,"minecraft:prismarine_crystals":28,"minecraft:sea_lantern":7,"minecraft:bread":4,"minecraft:cooked_cod":1,"minecraft:quartz_block":23,"minecraft:rotten_flesh":11,"minecraft:arrow":19,"minecraft:blue_terracotta":9,"minecraft:allay_spawn_egg":1,"minecraft:diamond":42,"minecraft:diamond_axe":1,"minecraft:sandstone_stairs":2,"minecraft:hay_block":8,"minecraft:lever":1,"minecraft:diamond_boots":2,"minecraft:iron_block":1,"minecraft:yellow_terracotta":8,"minecraft:wolf_spawn_egg":1,"minecraft:horse_spawn_egg":1,"minecraft:gold_ingot":53,"minecraft:emerald":58,"minecraft:jack_o_lantern":10,"minecraft:cod":3,"minecraft:panda_spawn_egg":1,"minecraft:iron_bars":4,"minecraft:cobblestone":3,"minecraft:white_wool":11,"minecraft:ender_pearl":10},"minecraft:dropped":{"minecraft:enchanted_book":7,"minecraft:iron_ingot":1,"minecraft:blue_terracotta":7,"minecraft:porkchop":1,"minecraft:lever":1,"minecraft:diamond_axe":1,"minecraft:chiseled_quartz_block":14,"minecraft:diamond":22,"minecraft:diamond_hoe":1,"minecraft:sandstone_stairs":2,"minecraft:black_terracotta":17,"minecraft:rotten_flesh":11,"minecraft:yellow_terracotta":8,"minecraft:cobblestone":1,"minecraft:prismarine_crystals":28,"minecraft:ender_eye":7,"minecraft:oak_sign":1,"minecraft:carrot":2,"minecraft:golden_apple":1,"minecraft:leather_helmet":1,"minecraft:rabbit_hide":1,"minecraft:sea_lantern":7,"minecraft:leather_chestplate":1,"minecraft:hay_block":8,"minecraft:ink_sac":3,"minecraft:rabbit_stew":2,"minecraft:beef":2,"minecraft:rabbit":1,"minecraft:dropper":8,"minecraft:quartz_block":2,"minecraft:quartz_stairs":22,"minecraft:jack_o_lantern":10,"minecraft:brown_wool":1,"minecraft:leather_boots":2,"minecraft:pumpkin":5,"minecraft:spider_eye":2,"minecraft:golden_sword":2,"minecraft:leather_leggings":1,"minecraft:gold_nugget":2,"minecraft:iron_bars":4,"minecraft:bucket":3,"minecraft:bow":2,"minecraft:string":2,"minecraft:white_wool":11,"minecraft:splash_potion":1}},"DataVersion":3465}