{"stats":{"minecraft:crafted":{"minecraft:diamond_axe":1,"minecraft:iron_ingot":9},"minecraft:killed_by":{"minecraft:player":1},"minecraft:killed":{"minecraft:spider":1,"minecraft:rabbit":2,"minecraft:creeper":1,"minecraft:squid":1,"minecraft:skeleton":1,"minecraft:guardian":2,"minecraft:ghast":1,"minecraft:silverfish":2,"minecraft:skeleton_horse":2},"minecraft:mined":{"minecraft:frosted_ice":1,"minecraft:cobweb":3,"lucky:lucky_block":9},"minecraft:used":{"minecraft:water_bucket":3,"minecraft:blue_terracotta":2,"minecraft:light_blue_glazed_terracotta":1,"minecraft:diamond_axe":14,"minecraft:sheep_spawn_egg":1,"minecraft:horse_spawn_egg":1,"minecraft:golden_apple":1,"minecraft:orange_glazed_terracotta":1,"minecraft:allay_spawn_egg":1,"minecraft:frog_spawn_egg":1,"minecraft:panda_spawn_egg":1,"minecraft:quartz_block":21,"minecraft:golden_sword":14,"minecraft:bow":12,"minecraft:cobblestone":2,"minecraft:wolf_spawn_egg":1,"minecraft:yellow_glazed_terracotta":1,"minecraft:cooked_porkchop":6,"minecraft:cooked_rabbit":1,"minecraft:bucket":3,"minecraft:orange_terracotta":1,"minecraft:lime_glazed_terracotta":1},"minecraft:custom":{"minecraft:mob_kills":14,"minecraft:traded_with_villager":1,"minecraft:time_since_death":941,"minecraft:time_since_rest":969,"minecraft:walk_one_cm":59636,"minecraft:sprint_one_cm":40727,"minecraft:damage_taken":1797,"minecraft:damage_absorbed":39,"minecraft:drop":53,"minecraft:damage_dealt":1836,"minecraft:talked_to_villager":4,"minecraft:fly_one_cm":48167,"minecraft:player_kills":1,"minecraft:open_chest":2,"minecraft:crouch_one_cm":675,"minecraft:play_time":18769,"minecraft:deaths":3,"minecraft:sneak_time":339,"minecraft:jump":341,"minecraft:enchant_item":1,"minecraft:walk_on_water_one_cm":236,"minecraft:total_world_time":18769,"minecraft:fall_one_cm":11723},"minecraft:picked_up":{"minecraft:water_bucket":1,"minecraft:salmon":1,"minecraft:brown_wool":1,"minecraft:chiseled_quartz_block":9,"minecraft:potato":12,"minecraft:cooked_rabbit":2,"minecraft:yellow_glazed_terracotta":1,"minecraft:golden_sword":1,"minecraft:lapis_lazuli":44,"minecraft:string":2,"minecraft:orange_terracotta":8,"minecraft:leather_boots":1,"minecraft:orange_glazed_terracotta":1,"minecraft:bone":4,"minecraft:bow":1,"minecraft:bucket":1,"minecraft:ender_eye":2,"minecraft:diamond_helmet":1,"minecraft:quartz_stairs":17,"minecraft:lime_glazed_terracotta":1,"minecraft:black_terracotta":3,"minecraft:milk_bucket":2,"minecraft:sheep_spawn_egg":1,"minecraft:cooked_porkchop":16,"minecraft:light_blue_glazed_terracotta":1,"minecraft:lava_bucket":1,"minecraft:dropper":8,"minecraft:frog_spawn_egg":1,"minecraft:ink_sac":3,"minecraft:spider_eye":1,"minecraft:prismarine_crystals":28,"minecraft:sea_lantern":7,"minecraft:cooked_cod":1,"minecraft:quartz_block":23,"minecraft:rotten_flesh":2,"minecraft:arrow":19,"minecraft:blue_terracotta":9,"minecraft:allay_spawn_egg":1,"minecraft:diamond":42,"minecraft:sandstone_stairs":2,"minecraft:hay_block":4,"minecraft:lever":1,"minecraft:diamond_boots":1,"minecraft:iron_block":1,"minecraft:yellow_terracotta":6,"minecraft:wolf_spawn_egg":1,"minecraft:horse_spawn_egg":1,"minecraft:gold_ingot":37,"minecraft:emerald":57,"minecraft:cod":3,"minecraft:panda_spawn_egg":1,"minecraft:iron_bars":1,"minecraft:cobblestone":3,"minecraft:white_wool":10},"minecraft:dropped":{"minecraft:lever":1,"minecraft:cobblestone":1,"minecraft:prismarine_crystals":28,"minecraft:golden_apple":1,"minecraft:leather_helmet":1,"minecraft:sea_lantern":7,"minecraft:leather_chestplate":1,"minecraft:ink_sac":3,"minecraft:dropper":8,"minecraft:quartz_block":2,"minecraft:quartz_stairs":14,"minecraft:leather_boots":1,"minecraft:golden_sword":2,"minecraft:leather_leggings":1,"minecraft:gold_nugget":2,"minecraft:iron_bars":1,"minecraft:string":2,"minecraft:white_wool":9,"minecraft:splash_potion":1}},"DataVersion":3465}