{"stats":{"minecraft:killed":{"minecraft:skeleton":1,"minecraft:ghast":1,"minecraft:skeleton_horse":1},"minecraft:mined":{"lucky:lucky_block":6},"minecraft:used":{"minecraft:frog_spawn_egg":1,"minecraft:light_blue_glazed_terracotta":1,"minecraft:panda_spawn_egg":1,"minecraft:sheep_spawn_egg":1,"minecraft:horse_spawn_egg":1,"minecraft:golden_sword":9,"minecraft:golden_apple":1,"minecraft:cobblestone":2,"minecraft:wolf_spawn_egg":1,"minecraft:yellow_glazed_terracotta":1,"minecraft:cooked_porkchop":1,"minecraft:orange_glazed_terracotta":1,"minecraft:allay_spawn_egg":1,"minecraft:lime_glazed_terracotta":1},"minecraft:custom":{"minecraft:time_since_rest":4664,"minecraft:damage_absorbed":35,"minecraft:sprint_one_cm":18997,"minecraft:damage_taken":935,"minecraft:walk_one_cm":23672,"minecraft:mob_kills":3,"minecraft:drop":6,"minecraft:damage_dealt":431,"minecraft:fly_one_cm":18923,"minecraft:open_chest":2,"minecraft:crouch_one_cm":161,"minecraft:play_time":6769,"minecraft:deaths":2,"minecraft:sneak_time":52,"minecraft:jump":122,"minecraft:time_since_death":4637,"minecraft:total_world_time":6769,"minecraft:fall_one_cm":4631},"minecraft:picked_up":{"minecraft:milk_bucket":1,"minecraft:black_terracotta":3,"minecraft:sheep_spawn_egg":1,"minecraft:chiseled_quartz_block":6,"minecraft:light_blue_glazed_terracotta":1,"minecraft:potato":12,"minecraft:dropper":8,"minecraft:yellow_glazed_terracotta":1,"minecraft:frog_spawn_egg":1,"minecraft:golden_sword":1,"minecraft:sea_lantern":7,"minecraft:prismarine_crystals":23,"minecraft:orange_terracotta":6,"minecraft:quartz_block":17,"minecraft:orange_glazed_terracotta":1,"minecraft:bone":4,"minecraft:arrow":19,"minecraft:allay_spawn_egg":1,"minecraft:bow":1,"minecraft:lever":1,"minecraft:diamond_boots":1,"minecraft:hay_block":4,"minecraft:iron_block":1,"minecraft:yellow_terracotta":6,"minecraft:horse_spawn_egg":1,"minecraft:ender_eye":2,"minecraft:wolf_spawn_egg":1,"minecraft:emerald":13,"minecraft:diamond_helmet":1,"minecraft:quartz_stairs":14,"minecraft:panda_spawn_egg":1,"minecraft:iron_bars":1,"minecraft:lime_glazed_terracotta":1,"minecraft:white_wool":6,"minecraft:cobblestone":3},"minecraft:dropped":{"minecraft:leather_chestplate":1,"minecraft:leather_boots":1,"minecraft:golden_sword":1,"minecraft:leather_leggings":1,"minecraft:gold_nugget":1,"minecraft:leather_helmet":1}},"DataVersion":3465}