{"stats":{"minecraft:crafted":{"minecraft:diamond_axe":1,"minecraft:crafting_table":1,"minecraft:iron_ingot":9,"minecraft:golden_apple":4},"minecraft:killed_by":{"minecraft:player":4,"minecraft:wither":1},"minecraft:killed":{"minecraft:cave_spider":1,"minecraft:witch":1,"minecraft:spider":6,"minecraft:skeleton":3,"minecraft:guardian":3,"minecraft:silverfish":2,"minecraft:skeleton_horse":3,"minecraft:creeper":2,"minecraft:zombie":3,"minecraft:ghast":1,"minecraft:cow":1,"minecraft:giant":1,"minecraft:llama":1,"minecraft:drowned":1,"minecraft:rabbit":5,"minecraft:bat":3,"minecraft:squid":1},"minecraft:mined":{"minecraft:frosted_ice":1,"minecraft:fire":2,"minecraft:torch":2,"lucky:lucky_block":81,"minecraft:cobweb":3},"minecraft:used":{"minecraft:music_disc_far":1,"minecraft:blue_terracotta":2,"minecraft:orange_glazed_terracotta":1,"minecraft:milk_bucket":1,"minecraft:frog_spawn_egg":1,"minecraft:lava_bucket":10,"minecraft:villager_spawn_egg":1,"lucky:lucky_block":1,"minecraft:panda_spawn_egg":1,"minecraft:quartz_block":21,"minecraft:golden_sword":14,"minecraft:bow":12,"minecraft:yellow_glazed_terracotta":1,"lucky:lucky_potion":18,"minecraft:lime_glazed_terracotta":1,"minecraft:ender_pearl":5,"minecraft:diamond_axe":47,"minecraft:white_wool":5,"minecraft:golden_apple":3,"minecraft:diamond_sword":25,"minecraft:cooked_rabbit":1,"minecraft:enchanting_table":1,"minecraft:anvil":1,"minecraft:allay_spawn_egg":1,"minecraft:bookshelf":2,"minecraft:iron_block":1,"minecraft:wolf_spawn_egg":1,"minecraft:drowned_spawn_egg":1,"minecraft:orange_terracotta":15,"minecraft:water_bucket":18,"minecraft:light_blue_glazed_terracotta":1,"minecraft:beacon":1,"minecraft:sheep_spawn_egg":1,"minecraft:horse_spawn_egg":1,"minecraft:crafting_table":1,"minecraft:phantom_spawn_egg":1,"minecraft:cobblestone":2,"minecraft:cooked_porkchop":21,"minecraft:bucket":27,"minecraft:jukebox":1,"minecraft:splash_potion":1},"minecraft:custom":{"minecraft:interact_with_crafting_table":1,"minecraft:time_since_death":1478,"minecraft:sprint_one_cm":174723,"minecraft:drop":382,"minecraft:talked_to_villager":6,"minecraft:play_time":66769,"minecraft:deaths":10,"minecraft:jump":1407,"minecraft:walk_on_water_one_cm":5233,"minecraft:enchant_item":1,"minecraft:play_record":1,"minecraft:traded_with_villager":1,"minecraft:damage_dealt":5620,"minecraft:interact_with_beacon":1,"minecraft:player_kills":4,"minecraft:crouch_one_cm":1381,"minecraft:horse_one_cm":160,"minecraft:mob_kills":39,"minecraft:interact_with_anvil":1,"minecraft:walk_one_cm":173378,"minecraft:sneak_time":748,"minecraft:walk_under_water_one_cm":1207,"minecraft:total_world_time":66769,"minecraft:time_since_rest":1513,"minecraft:damage_taken":5094,"minecraft:damage_absorbed":79,"minecraft:fly_one_cm":342713,"minecraft:open_chest":13,"minecraft:fall_one_cm":80960},"minecraft:picked_up":{"minecraft:wooden_axe":1,"minecraft:iron_chestplate":2,"minecraft:ender_chest":4,"minecraft:iron_trapdoor":2,"minecraft:anvil":1,"minecraft:prismarine_shard":18,"minecraft:diamond_sword":1,"minecraft:wither_rose":10,"minecraft:enchanted_book":49,"minecraft:golden_shovel":1,"minecraft:golden_sword":2,"minecraft:string":5,"lucky:lucky_potion":34,"minecraft:cooked_salmon":1,"minecraft:orange_glazed_terracotta":1,"minecraft:sticky_piston":2,"minecraft:pufferfish":3,"minecraft:oak_sign":2,"lucky:lucky_sword":1,"minecraft:bucket":8,"minecraft:light_weighted_pressure_plate":1,"minecraft:redstone_torch":8,"minecraft:ender_eye":7,"minecraft:wooden_shovel":1,"minecraft:iron_boots":1,"minecraft:blue_wool":1,"minecraft:golden_helmet":3,"minecraft:stick":1,"minecraft:jukebox":1,"minecraft:torch":1,"minecraft:porkchop":1,"minecraft:golden_axe":1,"minecraft:villager_spawn_egg":1,"minecraft:golden_chestplate":3,"minecraft:rabbit_foot":1,"minecraft:quartz_block":25,"minecraft:phantom_spawn_egg":1,"minecraft:rotten_flesh":21,"minecraft:tropical_fish":4,"minecraft:iron_block":2,"minecraft:bookshelf":9,"minecraft:wolf_spawn_egg":1,"minecraft:cod":10,"minecraft:panda_spawn_egg":1,"minecraft:iron_bars":4,"minecraft:cobblestone":3,"minecraft:enchanting_table":1,"minecraft:water_bucket":4,"minecraft:brown_wool":2,"minecraft:golden_leggings":3,"minecraft:chiseled_quartz_block":14,"minecraft:beacon":1,"minecraft:potato":34,"lucky:lucky_block":1,"minecraft:lapis_lazuli":44,"minecraft:leather_boots":2,"minecraft:bone":4,"minecraft:bow":2,"minecraft:rabbit":4,"minecraft:diamond_helmet":3,"minecraft:glowstone_dust":2,"minecraft:prismarine":14,"minecraft:lime_glazed_terracotta":1,"minecraft:black_terracotta":17,"minecraft:sheep_spawn_egg":1,"minecraft:cooked_porkchop":18,"minecraft:oak_pressure_plate":2,"minecraft:dropper":18,"minecraft:ink_sac":3,"minecraft:fermented_spider_eye":12,"minecraft:dispenser":1,"minecraft:blue_terracotta":13,"minecraft:sugar":27,"minecraft:diamond":42,"minecraft:lever":1,"minecraft:crossbow":3,"minecraft:bone_meal":3,"minecraft:bread":4,"minecraft:horse_spawn_egg":1,"minecraft:golden_horse_armor":5,"minecraft:emerald":73,"minecraft:jack_o_lantern":10,"minecraft:nether_star":2,"minecraft:fishing_rod":1,"minecraft:allium":11,"minecraft:azure_bluet":14,"minecraft:splash_potion":1,"minecraft:leather_leggings":1,"minecraft:rabbit_stew":4,"minecraft:redstone_lamp":4,"minecraft:wooden_pickaxe":1,"minecraft:cooked_rabbit":4,"minecraft:diamond_horse_armor":3,"minecraft:oak_trapdoor":2,"minecraft:wooden_sword":1,"minecraft:quartz_slab":5,"minecraft:salmon_spawn_egg":1,"minecraft:blue_orchid":12,"minecraft:beef":3,"minecraft:player_head":1,"minecraft:poppy":15,"minecraft:quartz_stairs":28,"minecraft:diamond_hoe":1,"minecraft:orange_dye":1,"minecraft:sandstone":3,"minecraft:note_block":1,"minecraft:cake":1,"minecraft:frog_spawn_egg":1,"minecraft:stone_button":1,"minecraft:cookie":34,"minecraft:carrot":3,"minecraft:brown_dye":1,"minecraft:drowned_spawn_egg":2,"minecraft:prismarine_crystals":47,"minecraft:iron_horse_armor":1,"minecraft:stone_pressure_plate":2,"minecraft:tnt":8,"minecraft:arrow":19,"minecraft:diamond_chestplate":1,"minecraft:cooked_cod":1,"minecraft:allay_spawn_egg":1,"minecraft:golden_hoe":1,"minecraft:diamond_boots":2,"minecraft:hay_block":12,"minecraft:sandstone_stairs":2,"minecraft:yellow_terracotta":8,"minecraft:pink_tulip":8,"minecraft:gold_ingot":97,"minecraft:mutton":6,"minecraft:skeleton_skull":1,"minecraft:white_wool":21,"minecraft:oxeye_daisy":5,"minecraft:tripwire_hook":2,"minecraft:salmon":8,"minecraft:leather":4,"minecraft:end_portal_frame":3,"minecraft:mushroom_stew":1,"minecraft:yellow_glazed_terracotta":1,"minecraft:golden_boots":3,"minecraft:gunpowder":4,"minecraft:wooden_hoe":1,"lucky:lucky_bow":2,"minecraft:orange_terracotta":17,"minecraft:cooked_mutton":3,"minecraft:apple":4,"minecraft:rabbit_hide":7,"minecraft:iron_ingot":33,"minecraft:music_disc_far":1,"minecraft:cooked_chicken":1,"minecraft:iron_sword":1,"minecraft:green_dye":2,"minecraft:book":8,"minecraft:milk_bucket":6,"minecraft:nether_quartz_ore":6,"minecraft:pumpkin":5,"minecraft:daylight_detector":1,"minecraft:quartz":18,"minecraft:dandelion":7,"minecraft:light_blue_glazed_terracotta":1,"minecraft:lava_bucket":4,"minecraft:spider_eye":11,"minecraft:sea_lantern":21,"minecraft:iron_helmet":1,"minecraft:diamond_axe":2,"minecraft:painting":1,"minecraft:baked_potato":2,"minecraft:ender_pearl":12},"minecraft:broken":{"minecraft:iron_leggings":1},"minecraft:dropped":{"minecraft:daylight_detector":1,"minecraft:porkchop":1,"minecraft:diamond_axe":2,"minecraft:orange_dye":1,"minecraft:lapis_lazuli":64,"minecraft:oak_pressure_plate":2,"minecraft:baked_potato":2,"minecraft:ender_pearl":3,"minecraft:diamond":22,"minecraft:nether_star":2,"minecraft:cooked_porkchop":10,"minecraft:sandstone_stairs":2,"minecraft:crossbow":3,"minecraft:cookie":34,"lucky:lucky_potion":14,"minecraft:leather":4,"minecraft:iron_horse_armor":1,"minecraft:leather_helmet":1,"minecraft:cod":10,"minecraft:light_weighted_pressure_plate":1,"minecraft:emerald":15,"minecraft:redstone_lamp":4,"minecraft:stone_button":1,"minecraft:dispenser":1,"minecraft:salmon_spawn_egg":1,"minecraft:mutton":6,"minecraft:coast_armor_trim_smithing_template":2,"minecraft:cooked_cod":1,"minecraft:jack_o_lantern":10,"minecraft:gold_nugget":2,"lucky:lucky_bow":1,"minecraft:wooden_sword":1,"minecraft:bone_meal":3,"minecraft:sugar":25,"minecraft:fermented_spider_eye":12,"minecraft:fishing_rod":1,"minecraft:white_wool":16,"minecraft:gold_ingot":14,"minecraft:note_block":1,"minecraft:lever":1,"minecraft:golden_chestplate":3,"minecraft:music_disc_otherside":1,"minecraft:blue_wool":1,"minecraft:black_terracotta":17,"minecraft:rotten_flesh":21,"minecraft:glowstone_dust":2,"minecraft:prismarine":14,"minecraft:cooked_mutton":1,"minecraft:golden_shovel":1,"minecraft:azure_bluet":14,"minecraft:salmon":8,"minecraft:carrot":3,"minecraft:rabbit_foot":1,"minecraft:eye_armor_trim_smithing_template":1,"minecraft:poppy":15,"minecraft:rabbit_hide":7,"minecraft:leather_chestplate":1,"minecraft:sea_lantern":21,"minecraft:gunpowder":4,"minecraft:skeleton_skull":1,"minecraft:dropper":18,"minecraft:quartz_block":4,"minecraft:leather_boots":3,"minecraft:leather_leggings":2,"minecraft:painting":1,"minecraft:iron_bars":4,"minecraft:beef":3,"minecraft:quartz":18,"minecraft:splash_potion":1,"minecraft:enchanted_book":40,"minecraft:water_bucket":3,"minecraft:golden_boots":3,"minecraft:iron_ingot":20,"minecraft:bread":8,"minecraft:drowned_spawn_egg":1,"minecraft:golden_helmet":3,"minecraft:golden_horse_armor":4,"minecraft:bookshelf":7,"minecraft:prismarine_shard":18,"minecraft:prismarine_crystals":47,"minecraft:golden_axe":1,"minecraft:yellow_terracotta":8,"minecraft:cobblestone":1,"minecraft:book":8,"minecraft:apple":6,"minecraft:tropical_fish":4,"minecraft:golden_apple":1,"minecraft:mushroom_stew":1,"minecraft:stick":1,"minecraft:pufferfish":3,"minecraft:oxeye_daisy":5,"minecraft:lava_bucket":1,"minecraft:diamond_horse_armor":3,"minecraft:milk_bucket":5,"minecraft:iron_trapdoor":2,"minecraft:ink_sac":3,"minecraft:wooden_hoe":1,"minecraft:torch":1,"minecraft:green_dye":2,"minecraft:wooden_axe":1,"minecraft:rabbit":4,"minecraft:brown_wool":2,"minecraft:cooked_salmon":1,"minecraft:diamond_helmet":2,"minecraft:wither_rose":8,"minecraft:pumpkin":5,"minecraft:golden_hoe":1,"minecraft:string":5,"minecraft:tripwire_hook":2,"minecraft:bucket":10,"minecraft:dandelion":7,"minecraft:pink_tulip":8,"minecraft:blue_terracotta":7,"minecraft:brown_dye":1,"minecraft:oak_trapdoor":2,"minecraft:player_head":1,"minecraft:ender_chest":4,"minecraft:chiseled_quartz_block":14,"minecraft:sticky_piston":2,"minecraft:diamond_hoe":1,"minecraft:ender_eye":7,"minecraft:oak_sign":2,"minecraft:potato":34,"minecraft:hay_block":12,"minecraft:allium":11,"minecraft:iron_chestplate":3,"minecraft:quartz_stairs":28,"minecraft:golden_leggings":3,"minecraft:wooden_shovel":1,"minecraft:end_portal_frame":3,"minecraft:golden_sword":3,"minecraft:redstone_torch":8,"minecraft:stone_pressure_plate":2,"minecraft:spider_eye":11,"minecraft:diamond_boots":1,"minecraft:rabbit_stew":4,"minecraft:sandstone":3,"minecraft:bow":2,"minecraft:blue_orchid":12,"minecraft:wooden_pickaxe":1,"minecraft:nether_quartz_ore":6,"lucky:lucky_sword":1,"minecraft:quartz_slab":5}},"DataVersion":3465}