{"stats":{"minecraft:crafted":{"minecraft:diamond_axe":1,"minecraft:iron_ingot":9},"minecraft:killed_by":{"minecraft:player":1},"minecraft:killed":{"minecraft:cave_spider":1,"minecraft:witch":1,"minecraft:giant":1,"minecraft:spider":6,"minecraft:skeleton":3,"minecraft:guardian":3,"minecraft:llama":1,"minecraft:silverfish":2,"minecraft:skeleton_horse":3,"minecraft:rabbit":5,"minecraft:bat":3,"minecraft:creeper":2,"minecraft:squid":1,"minecraft:zombie":3,"minecraft:ghast":1,"minecraft:cow":1},"minecraft:mined":{"minecraft:frosted_ice":1,"minecraft:fire":2,"lucky:lucky_block":74,"minecraft:torch":2,"minecraft:cobweb":3},"minecraft:used":{"minecraft:music_disc_far":1,"minecraft:blue_terracotta":2,"minecraft:enchanting_table":1,"minecraft:orange_glazed_terracotta":1,"minecraft:allay_spawn_egg":1,"minecraft:milk_bucket":1,"minecraft:frog_spawn_egg":1,"minecraft:lava_bucket":4,"minecraft:bookshelf":2,"minecraft:iron_block":1,"lucky:lucky_block":1,"minecraft:panda_spawn_egg":1,"minecraft:quartz_block":21,"minecraft:golden_sword":14,"minecraft:bow":12,"minecraft:wolf_spawn_egg":1,"minecraft:yellow_glazed_terracotta":1,"lucky:lucky_potion":6,"minecraft:orange_terracotta":13,"minecraft:lime_glazed_terracotta":1,"minecraft:water_bucket":16,"minecraft:light_blue_glazed_terracotta":1,"minecraft:ender_pearl":1,"minecraft:beacon":1,"minecraft:sheep_spawn_egg":1,"minecraft:diamond_axe":47,"minecraft:horse_spawn_egg":1,"minecraft:white_wool":5,"minecraft:golden_apple":1,"minecraft:diamond_sword":12,"minecraft:cobblestone":2,"minecraft:cooked_porkchop":17,"minecraft:cooked_rabbit":1,"minecraft:bucket":20,"minecraft:jukebox":1},"minecraft:custom":{"minecraft:interact_with_anvil":1,"minecraft:mob_kills":38,"minecraft:time_since_death":3907,"minecraft:sprint_one_cm":114027,"minecraft:walk_one_cm":142574,"minecraft:drop":317,"minecraft:talked_to_villager":6,"minecraft:play_time":54769,"minecraft:deaths":6,"minecraft:sneak_time":618,"minecraft:walk_under_water_one_cm":1207,"minecraft:jump":1006,"minecraft:walk_on_water_one_cm":4214,"minecraft:enchant_item":1,"minecraft:total_world_time":54769,"minecraft:play_record":1,"minecraft:traded_with_villager":1,"minecraft:time_since_rest":3947,"minecraft:damage_absorbed":39,"minecraft:damage_taken":3475,"minecraft:damage_dealt":5362,"minecraft:interact_with_beacon":1,"minecraft:fly_one_cm":178509,"minecraft:player_kills":3,"minecraft:open_chest":8,"minecraft:crouch_one_cm":943,"minecraft:fall_one_cm":73500,"minecraft:horse_one_cm":160},"minecraft:picked_up":{"minecraft:wooden_axe":1,"minecraft:fishing_rod":1,"minecraft:iron_chestplate":2,"minecraft:allium":11,"minecraft:ender_chest":2,"minecraft:azure_bluet":14,"minecraft:prismarine_shard":18,"minecraft:splash_potion":1,"minecraft:iron_trapdoor":2,"minecraft:redstone_lamp":4,"minecraft:rabbit_stew":4,"minecraft:diamond_sword":1,"minecraft:wooden_pickaxe":1,"minecraft:cooked_rabbit":4,"minecraft:enchanted_book":17,"minecraft:golden_shovel":1,"minecraft:diamond_horse_armor":3,"minecraft:golden_sword":2,"minecraft:cooked_salmon":1,"minecraft:oak_trapdoor":2,"minecraft:string":4,"minecraft:wooden_sword":1,"lucky:lucky_potion":25,"minecraft:sticky_piston":2,"minecraft:quartz_slab":5,"minecraft:orange_glazed_terracotta":1,"minecraft:blue_orchid":12,"minecraft:pufferfish":3,"minecraft:salmon_spawn_egg":1,"minecraft:oak_sign":2,"minecraft:bucket":8,"minecraft:light_weighted_pressure_plate":1,"minecraft:beef":3,"minecraft:redstone_torch":8,"minecraft:ender_eye":7,"minecraft:wooden_shovel":1,"minecraft:poppy":15,"minecraft:quartz_stairs":28,"minecraft:diamond_hoe":1,"minecraft:golden_helmet":1,"minecraft:stick":1,"minecraft:orange_dye":1,"minecraft:jukebox":1,"minecraft:torch":1,"minecraft:note_block":1,"minecraft:porkchop":1,"minecraft:golden_axe":1,"minecraft:cake":1,"minecraft:stone_button":1,"minecraft:frog_spawn_egg":1,"minecraft:cookie":1,"minecraft:golden_chestplate":1,"minecraft:rabbit_foot":1,"minecraft:carrot":3,"minecraft:drowned_spawn_egg":1,"minecraft:brown_dye":1,"minecraft:prismarine_crystals":47,"minecraft:iron_horse_armor":1,"minecraft:stone_pressure_plate":2,"minecraft:diamond_chestplate":1,"minecraft:tnt":8,"minecraft:quartz_block":25,"minecraft:arrow":19,"minecraft:rotten_flesh":21,"minecraft:cooked_cod":1,"minecraft:allay_spawn_egg":1,"minecraft:tropical_fish":4,"minecraft:golden_hoe":1,"minecraft:pink_tulip":8,"minecraft:diamond_boots":2,"minecraft:hay_block":12,"minecraft:sandstone_stairs":2,"minecraft:iron_block":2,"minecraft:bookshelf":9,"minecraft:yellow_terracotta":8,"minecraft:gold_ingot":79,"minecraft:wolf_spawn_egg":1,"minecraft:panda_spawn_egg":1,"minecraft:iron_bars":4,"minecraft:cod":10,"minecraft:white_wool":21,"minecraft:cobblestone":3,"minecraft:oxeye_daisy":5,"minecraft:enchanting_table":1,"minecraft:tripwire_hook":2,"minecraft:water_bucket":4,"minecraft:salmon":8,"minecraft:golden_leggings":1,"minecraft:leather":4,"minecraft:brown_wool":1,"minecraft:beacon":1,"minecraft:chiseled_quartz_block":14,"minecraft:end_portal_frame":3,"minecraft:potato":34,"minecraft:mushroom_stew":1,"minecraft:yellow_glazed_terracotta":1,"minecraft:golden_boots":1,"minecraft:gunpowder":4,"lucky:lucky_block":1,"minecraft:wooden_hoe":1,"minecraft:lapis_lazuli":44,"lucky:lucky_bow":2,"minecraft:orange_terracotta":17,"minecraft:cooked_mutton":1,"minecraft:leather_boots":1,"minecraft:bone":4,"minecraft:apple":3,"minecraft:bow":2,"minecraft:rabbit_hide":7,"minecraft:music_disc_far":1,"minecraft:iron_ingot":20,"minecraft:glowstone_dust":2,"minecraft:diamond_helmet":3,"minecraft:rabbit":4,"minecraft:prismarine":14,"minecraft:lime_glazed_terracotta":1,"minecraft:green_dye":2,"minecraft:book":8,"minecraft:nether_quartz_ore":6,"minecraft:milk_bucket":6,"minecraft:black_terracotta":17,"minecraft:sheep_spawn_egg":1,"minecraft:cooked_porkchop":18,"minecraft:pumpkin":5,"minecraft:daylight_detector":1,"minecraft:quartz":18,"minecraft:dandelion":7,"minecraft:oak_pressure_plate":2,"minecraft:light_blue_glazed_terracotta":1,"minecraft:dropper":18,"minecraft:lava_bucket":4,"minecraft:ink_sac":3,"minecraft:fermented_spider_eye":12,"minecraft:sea_lantern":21,"minecraft:spider_eye":11,"minecraft:dispenser":1,"minecraft:blue_terracotta":13,"minecraft:diamond":42,"minecraft:lever":1,"minecraft:crossbow":1,"minecraft:painting":1,"minecraft:diamond_axe":2,"minecraft:golden_horse_armor":2,"minecraft:horse_spawn_egg":1,"minecraft:emerald":73,"minecraft:bread":4,"minecraft:baked_potato":2,"minecraft:jack_o_lantern":10,"minecraft:nether_star":2,"minecraft:ender_pearl":10},"minecraft:dropped":{"minecraft:water_bucket":3,"minecraft:enchanted_book":16,"minecraft:daylight_detector":1,"minecraft:iron_ingot":20,"minecraft:bread":8,"minecraft:porkchop":1,"minecraft:drowned_spawn_egg":1,"minecraft:orange_dye":1,"minecraft:diamond_axe":2,"minecraft:oak_pressure_plate":2,"minecraft:baked_potato":2,"minecraft:ender_pearl":1,"minecraft:diamond":22,"minecraft:nether_star":2,"minecraft:golden_horse_armor":1,"minecraft:bookshelf":7,"minecraft:cooked_porkchop":10,"minecraft:sandstone_stairs":2,"minecraft:prismarine_shard":18,"minecraft:cookie":1,"minecraft:golden_axe":1,"minecraft:yellow_terracotta":8,"minecraft:cobblestone":1,"minecraft:prismarine_crystals":47,"minecraft:book":8,"minecraft:leather":4,"minecraft:apple":6,"lucky:lucky_potion":5,"minecraft:iron_horse_armor":1,"minecraft:tropical_fish":4,"minecraft:leather_helmet":1,"minecraft:golden_apple":1,"minecraft:mushroom_stew":1,"minecraft:pufferfish":3,"minecraft:stick":1,"minecraft:cod":10,"minecraft:light_weighted_pressure_plate":1,"minecraft:emerald":15,"minecraft:oxeye_daisy":5,"minecraft:lava_bucket":1,"minecraft:diamond_horse_armor":3,"minecraft:redstone_lamp":4,"minecraft:stone_button":1,"minecraft:dispenser":1,"minecraft:iron_trapdoor":2,"minecraft:milk_bucket":4,"minecraft:salmon_spawn_egg":1,"minecraft:ink_sac":3,"minecraft:torch":1,"minecraft:wooden_hoe":1,"minecraft:green_dye":2,"minecraft:wooden_axe":1,"minecraft:cooked_salmon":1,"minecraft:rabbit":4,"minecraft:cooked_cod":1,"minecraft:brown_wool":1,"minecraft:jack_o_lantern":10,"minecraft:diamond_helmet":2,"minecraft:wooden_sword":1,"lucky:lucky_bow":1,"minecraft:gold_nugget":2,"minecraft:pumpkin":5,"minecraft:golden_hoe":1,"minecraft:fishing_rod":1,"minecraft:fermented_spider_eye":12,"minecraft:tripwire_hook":2,"minecraft:white_wool":16,"minecraft:string":4,"minecraft:bucket":9,"minecraft:pink_tulip":8,"minecraft:dandelion":7,"minecraft:gold_ingot":14,"minecraft:note_block":1,"minecraft:blue_terracotta":7,"minecraft:brown_dye":1,"minecraft:lever":1,"minecraft:oak_trapdoor":2,"minecraft:ender_chest":2,"minecraft:golden_chestplate":1,"minecraft:chiseled_quartz_block":14,"minecraft:music_disc_otherside":1,"minecraft:sticky_piston":2,"minecraft:diamond_hoe":1,"minecraft:rotten_flesh":21,"minecraft:black_terracotta":17,"minecraft:glowstone_dust":2,"minecraft:prismarine":14,"minecraft:ender_eye":7,"minecraft:cooked_mutton":1,"minecraft:golden_shovel":1,"minecraft:azure_bluet":14,"minecraft:rabbit_foot":1,"minecraft:oak_sign":2,"minecraft:salmon":8,"minecraft:carrot":3,"minecraft:poppy":15,"minecraft:rabbit_hide":7,"minecraft:leather_chestplate":1,"minecraft:sea_lantern":21,"minecraft:potato":34,"minecraft:hay_block":12,"minecraft:gunpowder":4,"minecraft:allium":11,"minecraft:dropper":18,"minecraft:iron_chestplate":3,"minecraft:quartz_block":2,"minecraft:quartz_stairs":28,"minecraft:golden_leggings":1,"minecraft:leather_boots":2,"minecraft:wooden_shovel":1,"minecraft:end_portal_frame":3,"minecraft:golden_sword":3,"minecraft:leather_leggings":1,"minecraft:redstone_torch":8,"minecraft:stone_pressure_plate":2,"minecraft:spider_eye":11,"minecraft:painting":1,"minecraft:diamond_boots":1,"minecraft:rabbit_stew":4,"minecraft:iron_bars":4,"minecraft:blue_orchid":12,"minecraft:bow":2,"minecraft:beef":3,"minecraft:wooden_pickaxe":1,"minecraft:nether_quartz_ore":6,"minecraft:quartz":18,"minecraft:splash_potion":1,"minecraft:golden_helmet":1,"minecraft:golden_boots":1,"minecraft:quartz_slab":5}},"DataVersion":3465}