{"stats":{"minecraft:crafted":{"minecraft:diamond_axe":1,"minecraft:iron_ingot":9},"minecraft:killed_by":{"minecraft:player":1},"minecraft:killed":{"minecraft:cave_spider":1,"minecraft:witch":1,"minecraft:giant":1,"minecraft:spider":5,"minecraft:skeleton":3,"minecraft:guardian":2,"minecraft:llama":1,"minecraft:silverfish":2,"minecraft:skeleton_horse":3,"minecraft:rabbit":3,"minecraft:bat":3,"minecraft:creeper":1,"minecraft:squid":1,"minecraft:zombie":3,"minecraft:ghast":1},"minecraft:mined":{"minecraft:frosted_ice":1,"lucky:lucky_block":49,"minecraft:torch":2,"minecraft:cobweb":3},"minecraft:used":{"minecraft:blue_terracotta":2,"minecraft:enchanting_table":1,"minecraft:orange_glazed_terracotta":1,"minecraft:allay_spawn_egg":1,"minecraft:milk_bucket":1,"minecraft:frog_spawn_egg":1,"minecraft:lava_bucket":4,"minecraft:bookshelf":2,"lucky:lucky_block":1,"minecraft:panda_spawn_egg":1,"minecraft:quartz_block":21,"minecraft:golden_sword":14,"minecraft:bow":12,"minecraft:wolf_spawn_egg":1,"minecraft:yellow_glazed_terracotta":1,"lucky:lucky_potion":6,"minecraft:orange_terracotta":13,"minecraft:lime_glazed_terracotta":1,"minecraft:water_bucket":16,"minecraft:light_blue_glazed_terracotta":1,"minecraft:ender_pearl":1,"minecraft:sheep_spawn_egg":1,"minecraft:diamond_axe":47,"minecraft:horse_spawn_egg":1,"minecraft:golden_apple":1,"minecraft:diamond_sword":2,"minecraft:cobblestone":2,"minecraft:cooked_porkchop":13,"minecraft:cooked_rabbit":1,"minecraft:bucket":20},"minecraft:custom":{"minecraft:mob_kills":32,"minecraft:time_since_death":2006,"minecraft:sprint_one_cm":71819,"minecraft:walk_one_cm":110191,"minecraft:drop":198,"minecraft:talked_to_villager":4,"minecraft:play_time":42769,"minecraft:deaths":4,"minecraft:sneak_time":617,"minecraft:walk_under_water_one_cm":1207,"minecraft:jump":737,"minecraft:walk_on_water_one_cm":4214,"minecraft:enchant_item":1,"minecraft:total_world_time":42769,"minecraft:traded_with_villager":1,"minecraft:time_since_rest":2037,"minecraft:damage_absorbed":39,"minecraft:damage_taken":2782,"minecraft:damage_dealt":4631,"minecraft:fly_one_cm":96777,"minecraft:player_kills":3,"minecraft:open_chest":5,"minecraft:crouch_one_cm":943,"minecraft:fall_one_cm":68043},"minecraft:picked_up":{"minecraft:wooden_axe":1,"minecraft:iron_chestplate":1,"minecraft:splash_potion":1,"minecraft:iron_trapdoor":2,"minecraft:redstone_lamp":4,"minecraft:rabbit_stew":3,"minecraft:diamond_sword":1,"minecraft:wooden_pickaxe":1,"minecraft:cooked_rabbit":4,"minecraft:enchanted_book":10,"minecraft:golden_shovel":1,"minecraft:diamond_horse_armor":1,"minecraft:golden_sword":2,"minecraft:oak_trapdoor":2,"minecraft:string":2,"minecraft:wooden_sword":1,"lucky:lucky_potion":11,"minecraft:sticky_piston":2,"minecraft:quartz_slab":5,"minecraft:orange_glazed_terracotta":1,"minecraft:salmon_spawn_egg":1,"minecraft:oak_sign":2,"minecraft:bucket":7,"minecraft:light_weighted_pressure_plate":1,"minecraft:beef":2,"minecraft:redstone_torch":8,"minecraft:ender_eye":7,"minecraft:wooden_shovel":1,"minecraft:quartz_stairs":23,"minecraft:diamond_hoe":1,"minecraft:orange_dye":1,"minecraft:torch":1,"minecraft:note_block":1,"minecraft:porkchop":1,"minecraft:golden_axe":1,"minecraft:cake":1,"minecraft:stone_button":1,"minecraft:frog_spawn_egg":1,"minecraft:cookie":1,"minecraft:carrot":3,"minecraft:drowned_spawn_egg":1,"minecraft:brown_dye":1,"minecraft:prismarine_crystals":28,"minecraft:iron_horse_armor":1,"minecraft:stone_pressure_plate":2,"minecraft:tnt":8,"minecraft:quartz_block":25,"minecraft:arrow":19,"minecraft:rotten_flesh":21,"minecraft:cooked_cod":1,"minecraft:allay_spawn_egg":1,"minecraft:golden_hoe":1,"minecraft:diamond_boots":2,"minecraft:hay_block":8,"minecraft:sandstone_stairs":2,"minecraft:iron_block":1,"minecraft:bookshelf":9,"minecraft:yellow_terracotta":8,"minecraft:gold_ingot":71,"minecraft:wolf_spawn_egg":1,"minecraft:panda_spawn_egg":1,"minecraft:iron_bars":4,"minecraft:cod":3,"minecraft:white_wool":12,"minecraft:cobblestone":3,"minecraft:enchanting_table":1,"minecraft:tripwire_hook":2,"minecraft:water_bucket":4,"minecraft:salmon":4,"minecraft:brown_wool":1,"minecraft:chiseled_quartz_block":14,"minecraft:end_portal_frame":3,"minecraft:potato":34,"minecraft:mushroom_stew":1,"minecraft:yellow_glazed_terracotta":1,"lucky:lucky_block":1,"minecraft:wooden_hoe":1,"minecraft:lapis_lazuli":44,"lucky:lucky_bow":2,"minecraft:orange_terracotta":17,"minecraft:leather_boots":1,"minecraft:bone":4,"minecraft:bow":2,"minecraft:rabbit_hide":1,"minecraft:iron_ingot":7,"minecraft:glowstone_dust":2,"minecraft:diamond_helmet":1,"minecraft:rabbit":1,"minecraft:lime_glazed_terracotta":1,"minecraft:green_dye":2,"minecraft:book":8,"minecraft:nether_quartz_ore":6,"minecraft:milk_bucket":6,"minecraft:black_terracotta":17,"minecraft:sheep_spawn_egg":1,"minecraft:cooked_porkchop":18,"minecraft:pumpkin":5,"minecraft:daylight_detector":1,"minecraft:quartz":18,"minecraft:oak_pressure_plate":2,"minecraft:light_blue_glazed_terracotta":1,"minecraft:dropper":10,"minecraft:lava_bucket":4,"minecraft:ink_sac":3,"minecraft:fermented_spider_eye":12,"minecraft:sea_lantern":7,"minecraft:spider_eye":10,"minecraft:dispenser":1,"minecraft:blue_terracotta":9,"minecraft:diamond":42,"minecraft:lever":1,"minecraft:painting":1,"minecraft:diamond_axe":2,"minecraft:golden_horse_armor":1,"minecraft:horse_spawn_egg":1,"minecraft:emerald":60,"minecraft:bread":4,"minecraft:baked_potato":1,"minecraft:jack_o_lantern":10,"minecraft:nether_star":1,"minecraft:ender_pearl":10},"minecraft:dropped":{"minecraft:water_bucket":2,"minecraft:enchanted_book":8,"minecraft:daylight_detector":1,"minecraft:iron_ingot":1,"minecraft:bread":4,"minecraft:porkchop":1,"minecraft:drowned_spawn_egg":1,"minecraft:orange_dye":1,"minecraft:diamond_axe":2,"minecraft:oak_pressure_plate":2,"minecraft:baked_potato":1,"minecraft:ender_pearl":1,"minecraft:diamond":22,"minecraft:nether_star":1,"minecraft:golden_horse_armor":1,"minecraft:bookshelf":7,"minecraft:cooked_porkchop":10,"minecraft:sandstone_stairs":2,"minecraft:cookie":1,"minecraft:golden_axe":1,"minecraft:yellow_terracotta":8,"minecraft:cobblestone":1,"minecraft:prismarine_crystals":28,"minecraft:book":5,"minecraft:apple":6,"lucky:lucky_potion":5,"minecraft:iron_horse_armor":1,"minecraft:leather_helmet":1,"minecraft:golden_apple":1,"minecraft:mushroom_stew":1,"minecraft:cod":3,"minecraft:light_weighted_pressure_plate":1,"minecraft:emerald":1,"minecraft:lava_bucket":1,"minecraft:diamond_horse_armor":1,"minecraft:redstone_lamp":4,"minecraft:stone_button":1,"minecraft:dispenser":1,"minecraft:iron_trapdoor":2,"minecraft:milk_bucket":2,"minecraft:salmon_spawn_egg":1,"minecraft:ink_sac":3,"minecraft:torch":1,"minecraft:wooden_hoe":1,"minecraft:green_dye":2,"minecraft:wooden_axe":1,"minecraft:rabbit":1,"minecraft:cooked_cod":1,"minecraft:brown_wool":1,"minecraft:jack_o_lantern":10,"minecraft:wooden_sword":1,"lucky:lucky_bow":1,"minecraft:gold_nugget":2,"minecraft:pumpkin":5,"minecraft:golden_hoe":1,"minecraft:tripwire_hook":2,"minecraft:white_wool":11,"minecraft:string":2,"minecraft:bucket":6,"minecraft:note_block":1,"minecraft:blue_terracotta":7,"minecraft:brown_dye":1,"minecraft:lever":1,"minecraft:oak_trapdoor":2,"minecraft:chiseled_quartz_block":14,"minecraft:music_disc_otherside":1,"minecraft:sticky_piston":2,"minecraft:diamond_hoe":1,"minecraft:rotten_flesh":11,"minecraft:black_terracotta":17,"minecraft:glowstone_dust":2,"minecraft:ender_eye":7,"minecraft:golden_shovel":1,"minecraft:oak_sign":2,"minecraft:salmon":4,"minecraft:carrot":3,"minecraft:rabbit_hide":1,"minecraft:leather_chestplate":1,"minecraft:sea_lantern":7,"minecraft:potato":34,"minecraft:hay_block":8,"minecraft:dropper":10,"minecraft:iron_chestplate":1,"minecraft:quartz_block":2,"minecraft:quartz_stairs":23,"minecraft:leather_boots":2,"minecraft:wooden_shovel":1,"minecraft:end_portal_frame":3,"minecraft:golden_sword":3,"minecraft:leather_leggings":1,"minecraft:redstone_torch":8,"minecraft:stone_pressure_plate":2,"minecraft:spider_eye":2,"minecraft:diamond_boots":1,"minecraft:rabbit_stew":3,"minecraft:iron_bars":4,"minecraft:bow":2,"minecraft:beef":2,"minecraft:wooden_pickaxe":1,"minecraft:nether_quartz_ore":6,"minecraft:quartz":18,"minecraft:splash_potion":1,"minecraft:quartz_slab":5}},"DataVersion":3465}